"","country","year","service","subservice","equipment_type","equipment_subtype","equipment_name","equipment_subname","unit_name","unit_count"
"1","cambodia","1971","navy",NA,"patrol and coastal combatants",NA,"Torpedo Boat",NA,NA,"2"
"2","cambodia","1971","navy",NA,"patrol and coastal combatants",NA,"Patrol Boat",NA,NA,"6"
"3","cambodia","1971","navy",NA,"patrol and coastal combatants",NA,"Patrol Vessel",NA,NA,"2"
"4","cambodia","1971","air force",NA,"helicopters",NA,"ATK",NA,"Mi-4","1"
"5","denmark","1970","navy",NA,"mine warfare","mine layers","ML",NA,NA,"4"
"6","denmark","1970","navy",NA,"mine warfare","mine layers","ML",NA,NA,"4"
"7","thailand","1970","navy",NA,"patrol and coastal combatants",NA,"PC",NA,"gunboats","2"
"8","thailand","1970","navy",NA,"patrol and coastal combatants",NA,"PC",NA,"gunboats","2"
"9","sweden","1971","navy",NA,"patrol and coastal combatants",NA,"MTB",NA,NA,"17"
"10","sweden","1971","navy",NA,"patrol and coastal combatants",NA,"MTB",NA,NA,"17"
"11","cambodia","1971","navy",NA,"patrol and coastal combatants",NA,"Torpedo Boat",NA,NA,"2"
"12","cambodia","1971","navy",NA,"patrol and coastal combatants",NA,"Patrol Boat",NA,NA,"6"
"13","cambodia","1971","navy",NA,"patrol and coastal combatants",NA,"Patrol Vessel",NA,NA,"2"
"14","cambodia","1971","air force",NA,"helicopters",NA,"ATK",NA,"Mi-4","1"
"15","colombia","1973","air force",NA,"aircraft",NA,"TRG",NA,"T-41D","30"
"16","colombia","1973","air force",NA,"aircraft",NA,"TRG",NA,"T-41D","30"
"17","bulgaria","1977","air force",NA,"aircraft",NA,"FTR",NA,"MiG-21 Fishbed","10"
"18","bulgaria","1977","air force",NA,"aircraft",NA,"FTR",NA,"MiG-21 Fishbed","10"
"19","chile","1977","air force",NA,"aircraft",NA,"TPT",NA,"DHC-6","11"
"20","chile","1977","air force",NA,"aircraft",NA,"TPT",NA,"DHC-6","11"
"21","chile","1978","navy","naval aviation","helicopters",NA,"TPT",NA,"UH-1D","2"
"22","chile","1978","navy","naval aviation","helicopters",NA,"TPT",NA,"UH-1D","2"
"23","czechoslovakia","1978","air force",NA,"aircraft",NA,"FTR",NA,"MiG-21 Fishbed","240"
"24","czechoslovakia","1978","air force",NA,"aircraft",NA,"FTR",NA,"MiG-21 Fishbed","240"
"25","greece","1978","air force",NA,"aircraft",NA,"TRG",NA,"F-5B","8"
"26","greece","1978","air force",NA,"aircraft",NA,"TRG",NA,"F-5B","8"
"27","chile","1979","navy","naval aviation","helicopters",NA,"TPT",NA,"UH-1D","2"
"28","chile","1979","navy","naval aviation","helicopters",NA,"TPT",NA,"UH-1D","2"
"29","chile","1980","navy","naval aviation","helicopters",NA,"TPT",NA,"UH-1D","2"
"30","chile","1980","navy","naval aviation","helicopters",NA,"TPT",NA,"UH-1D","2"
"31","bahrain","1981","paramilitary","police","helicopters",NA,"ATK",NA,"Scout AH-1","2"
"32","bahrain","1981","paramilitary","police","helicopters",NA,"ATK",NA,"Scout AH-1","2"
"33","cote d'ivoire","1981","navy",NA,"patrol and coastal combatants","inshore","PCI",NA,NA,"4"
"34","cote d'ivoire","1981","navy",NA,"patrol and coastal combatants","inshore","PCI",NA,NA,"4"
"35","peru","1981","air force",NA,"aircraft",NA,"TPT",NA,"F-28","1"
"36","peru","1981","air force",NA,"aircraft",NA,"TPT",NA,"F-28","1"
"37","south africa","1981","air force",NA,"helicopters",NA,"UTL",NA,"Alouette III","30"
"38","south africa","1981","air force",NA,"helicopters",NA,"UTL",NA,"Alouette III","30"
"39","cote d'ivoire","1982","navy",NA,"patrol and coastal combatants","inshore","PCI",NA,NA,"4"
"40","cote d'ivoire","1982","navy",NA,"patrol and coastal combatants","inshore","PCI",NA,NA,"4"
"41","taiwan","1982","navy",NA,"patrol and coastal combatants",NA,"FAC(T)",NA,"Japanese-built","2"
"42","us","1982","stratcom","air force","aircraft",NA,"FTR",NA,"F-15","18"
"43","us","1982","stratcom","air force","aircraft",NA,"FTR",NA,"F-15","18"
"44","france","1983","navy",NA,"logistics and support",NA,"TKR",NA,NA,"6"
"45","france","1983","navy",NA,"logistics and support",NA,"TKR",NA,NA,"6"
"46","Somalia","1983","air force",NA,"helicopters",NA,"UTL",NA,"Bell 212","2"
"47","Somalia","1983","air force",NA,"helicopters",NA,"UTL",NA,"Bell 212","2"
"48","taiwan","1982","navy",NA,"patrol and coastal combatants",NA,"FAC(T)",NA,"Japanese-built","2"
"49","denmark","1984","air force","tactical air command","aircraft",NA,"RECCE",NA,"RF-35XD","16"
"50","denmark","1984","air force","tactical air command","aircraft",NA,"RECCE",NA,"RF-35XD","16"
"51","german democratic republic","1984","navy",NA,"logistics and support",NA,"SPT",NA,NA,"4"
"52","german democratic republic","1984","navy",NA,"logistics and support",NA,"SPT",NA,NA,"4"
"53","korea, dpr of","1984","navy",NA,"amphibious","landing ships","LCU",NA,NA,"9"
"54","korea, dpr of","1984","navy",NA,"amphibious","landing ships","LCU",NA,NA,"9"
"55","mexico","1984","air force",NA,"helicopters",NA,"UTL",NA,"Bell 212","1"
"56","mexico","1984","air force",NA,"helicopters",NA,"UTL",NA,"Bell 212","1"
"57","Somalia","1984","air force",NA,"helicopters",NA,"UTL",NA,"Bell 212","2"
"58","Somalia","1984","air force",NA,"helicopters",NA,"UTL",NA,"Bell 212","2"
"59","france","1985","navy",NA,"logistics and support",NA,"TKR",NA,NA,"6"
"60","france","1985","navy",NA,"logistics and support",NA,"TKR",NA,NA,"6"
"61","italy","1985","air force",NA,"aircraft",NA,"TRG",NA,"MB-326","15"
"62","italy","1985","air force",NA,"aircraft",NA,"TRG",NA,"MB-326","15"
"63","mexico","1985","air force",NA,"helicopters",NA,"UTL",NA,"Bell 212","1"
"64","mexico","1985","air force",NA,"helicopters",NA,"UTL",NA,"Bell 212","1"
"65","Somalia","1985","air force",NA,"helicopters",NA,"UTL",NA,"Bell 212","2"
"66","Somalia","1985","air force",NA,"helicopters",NA,"UTL",NA,"Bell 212","2"
"67","south africa","1986","navy",NA,"mine warfare",NA,"MCMV",NA,"Br Ton","3"
"68","south africa","1986","navy",NA,"mine warfare",NA,"MCMV",NA,"Ton","3"
"69","france","1986","navy",NA,"logistics and support",NA,"TKR",NA,NA,"6"
"70","france","1986","navy",NA,"logistics and support",NA,"TKR",NA,NA,"6"
"71","german democratic republic","1986","navy",NA,"logistics and support",NA,"SPT",NA,NA,"4"
"72","german democratic republic","1986","navy",NA,"logistics and support",NA,"SPT",NA,NA,"4"
"73","taiwan","1986","army",NA,"artillery",NA,"TOWED","75mm","M-116 pack","350"
"74","denmark","1986","air force","tactical air command","aircraft",NA,"RECCE",NA,"RF-35XD","16"
"75","denmark","1986","air force","tactical air command","aircraft",NA,"RECCE",NA,"RF-35XD","16"
"76","Somalia","1986","air force",NA,"helicopters",NA,"UTL",NA,"Bell 212","2"
"77","Somalia","1986","air force",NA,"helicopters",NA,"UTL",NA,"Bell 212","2"
"78","south africa","1986","navy",NA,"mine warfare",NA,"MCMV",NA,"Br Ton","3"
"79","south africa","1986","navy",NA,"mine warfare",NA,"MCMV",NA,"Ton","3"
"80","united kingdom","1986","navy",NA,"logistics and support",NA,"tankers",NA,NA,"5"
"81","united kingdom","1986","navy",NA,"logistics and support",NA,"tankers",NA,NA,"5"
"82","us","1986","stratcom","strategic defenses - air defence","aircraft",NA,"FTR",NA,"F-15","18"
"83","us","1986","stratcom","strategic defenses - air defence","aircraft",NA,"FTR",NA,"F-15","18"
"84","taiwan","1986","army",NA,"artillery",NA,"TOWED","75mm","M-116 pack","350"
"85","Somalia","1987","air force",NA,"helicopters",NA,"UTL",NA,"Bell 212","2"
"86","Somalia","1987","air force",NA,"helicopters",NA,"UTL",NA,"Bell 212","2"
"87","algeria","1988","air force",NA,"aircraft",NA,"TPT",NA,"Il-18","1"
"88","algeria","1988","air force",NA,"aircraft",NA,"TPT",NA,"Il-18","1"
"89","algeria","1988","air force",NA,"artillery","GUNS","TOWED",NA,"SA-2 Guideline","30"
"90","algeria","1988","air force",NA,"surface-to-surface missile launchers","missiles","SAM",NA,"SA-3 Goa","21"
"91","algeria","1988","paramilitary","gendarmerie","armoured fighting vehicles",NA,"RECCE",NA,"AML-60/100 M-3 Panhard APC (W)","44"
"92","algeria","1988","air force",NA,"artillery","GUNS","TOWED",NA,"SA-2 Guideline","30"
"93","algeria","1988","air force",NA,"surface-to-surface missile launchers","missiles","SAM",NA,"SA-3 Goa","21"
"94","algeria","1988","paramilitary","gendarmerie","armoured fighting vehicles",NA,"RECCE",NA,"AML-60/100 M-3 Panhard APC (W)","44"
"95","bolivia","1988","air force",NA,"aircraft",NA,"TPT",NA,"Cessna 402","1"
"96","bolivia","1988","air force",NA,"aircraft",NA,"TPT",NA,"Cessna 402","1"
"97","Somalia","1988","air force",NA,"helicopters",NA,"UTL",NA,"Bell 212","2"
"98","Somalia","1988","air force",NA,"helicopters",NA,"UTL",NA,"Bell 212","2"
"99","oman","1991","royal household","royal flight","aircraft",NA,"TPT","PAX","Gulfstream IV","2"
"100","thailand","1989","navy","naval aviation","helicopters",NA,"UTL",NA,"Bell 212","4"
"101","thailand","1989","navy","naval aviation","helicopters",NA,"UTL",NA,"Bell 212","4"
"102","algeria","1989","air force",NA,"helicopters",NA,"TPT","medium","Mi-6","4"
"103","algeria","1989","air force",NA,"helicopters",NA,"TPT","medium","Mi-6","4"
"104","bolivia","1989","air force",NA,"aircraft",NA,"TPT",NA,"Cessna 402","1"
"105","bolivia","1989","air force",NA,"aircraft",NA,"TPT",NA,"Cessna 402","1"
"106","canada","1989","royal canadian air force",NA,"aircraft",NA,"TPT",NA,"CC/E-144","6"
"107","canada","1989","royal canadian air force",NA,"aircraft",NA,"TPT",NA,"CC/E-144","6"
"108","mexico","1989","air force",NA,"helicopters",NA,"COIN",NA,"Bell 205","5"
"109","mexico","1989","air force",NA,"helicopters",NA,"COIN",NA,"Bell 205","5"
"110","seychelles","1989","paramilitary","coast guard","patrol and coastal combatants",NA,"PFI",NA,NA,"2"
"111","seychelles","1989","people's defence force","coast guard","patrol and coastal combatants","inshore","PCI",NA,NA,"1"
"112","Somalia","1989","air force",NA,"helicopters",NA,"UTL",NA,"Bell 212","2"
"113","Somalia","1989","air force",NA,"helicopters",NA,"UTL",NA,"Bell 212","2"
"114","canada","1990","royal canadian air force",NA,"aircraft",NA,"TPT",NA,"CC/E-144","4"
"115","canada","1990","royal canadian air force",NA,"aircraft",NA,"TPT",NA,"CC/E-144","4"
"116","india","1990","navy","naval aviation","aircraft",NA,"TRG",NA,"T-60","2"
"117","india","1990","navy","naval aviation","aircraft",NA,"TRG",NA,"T-60","2"
"118","iraq","1990","army",NA,"helicopters",NA,"TPT","medium","AS-61","5"
"119","iraq","1990","army",NA,"helicopters",NA,"TPT","medium","Mi-4","20"
"120","iraq","1990","army",NA,"helicopters",NA,"TPT","medium","AS-61","5"
"121","iraq","1990","army",NA,"helicopters",NA,"TPT","medium","Mi-4","20"
"122","peru","1990","air force",NA,"aircraft",NA,"FTR",NA,"-DP","2"
"123","peru","1990","air force",NA,"aircraft",NA,"FTR",NA,"-DP","2"
"124","philippines","1991","army",NA,"artillery",NA,"TOWED","105mm","M101/M102/M-26/M-56","230"
"125","philippines","1991","army",NA,"artillery",NA,"TOWED","155mm","M114/M-68","12"
"126","philippines","1991","army",NA,"artillery","MOR",NA,"107mm","M-30","40"
"127","philippines","1991","navy",NA,"patrol and coastal combatants",NA,"PCO",NA,"Rizal","2"
"128","philippines","1991","navy",NA,"patrol and coastal combatants",NA,"PCO",NA,"Miguel Malvar","5"
"129","philippines","1991","navy",NA,"patrol and coastal combatants",NA,"PCO",NA,"Magat Salamat","1"
"130","philippines","1991","navy",NA,"patrol and coastal combatants",NA,"PCC",NA,"Kagitingan","4"
"131","philippines","1991","navy","naval aviation","aircraft",NA,"MR/SAR",NA,"BN-2A Defender","5"
"132","philippines","1991","navy","naval aviation","aircraft",NA,"MR/SAR",NA,"Islander","1"
"133","philippines","1991","navy","naval aviation","helicopters",NA,"SAR",NA,"Bo-105","12"
"134","philippines","1991","navy","marines","armoured fighting vehicles",NA,"AAV",NA,"LVTP-5","30"
"135","philippines","1991","navy","marines","armoured fighting vehicles",NA,"AAV",NA,"LVTP-7","55"
"136","philippines","1991","navy","marines","artillery",NA,"TOWED","105mm","M101","150"
"137","philippines","1991","air force",NA,"aircraft",NA,"FTR",NA,"F-5A/B","9"
"138","philippines","1991","air force",NA,"aircraft",NA,"ATK/RECCE",NA,"T-28D","8"
"139","philippines","1991","air force",NA,"helicopters",NA,"MRH",NA,"Bell UH-1H/M","55"
"140","philippines","1991","air force",NA,"helicopters",NA,"TPT",NA,"AUH-76","16"
"141","philippines","1991","air force",NA,"aircraft",NA,"MR",NA,"F-27M","2"
"142","philippines","1991","air force",NA,"aircraft",NA,"ATK/RECCE",NA,"RT-33A","3"
"143","philippines","1991","air force",NA,"aircraft",NA,"SAR",NA,"UH-16","4"
"144","philippines","1991","air force",NA,"aircraft",NA,"SAR",NA,"Bo-105C","10"
"145","philippines","1991","air force",NA,"aircraft",NA,"TPT",NA,"F-27","1"
"146","philippines","1991","air force",NA,"aircraft",NA,"TPT",NA,"F-28","1"
"147","philippines","1991","air force",NA,"helicopters",NA,"UTL",NA,"Bell 212","1"
"148","philippines","1991","air force",NA,"aircraft",NA,"TPT",NA,"S-70A","2"
"149","philippines","1991","air force",NA,"aircraft",NA,"TPT",NA,"SA-330","2"
"150","philippines","1991","air force",NA,"aircraft",NA,"TPT",NA,"C-130H","3"
"151","philippines","1991","air force",NA,"aircraft",NA,"TPT",NA,"L-100-20","3"
"152","philippines","1991","air force",NA,"aircraft",NA,"TPT",NA,"C-47","3"
"153","philippines","1991","air force",NA,"aircraft",NA,"TPT",NA,"F-27-200","7"
"154","philippines","1991","air force",NA,"aircraft",NA,"TPT",NA,"BN-2 Islander","10"
"155","philippines","1991","air force",NA,"aircraft",NA,"TPT",NA,"N-22B Nomal Missionmaster","9"
"156","philippines","1991","air force",NA,"helicopters",NA,"MRH",NA,"Bell 205","15"
"157","philippines","1991","air force",NA,"helicopters",NA,"TPT",NA,"UH-1H","17"
"158","philippines","1991","air force",NA,"aircraft",NA,"TPT",NA,"Cessna 180","6"
"159","philippines","1991","air force",NA,"aircraft",NA,"TPT",NA,"Cessna 210","2"
"160","philippines","1991","air force",NA,"aircraft",NA,"TPT",NA,"Cessna 310","1"
"161","philippines","1991","air force",NA,"aircraft",NA,"TPT",NA,"DHC-2","5"
"162","philippines","1991","air force",NA,"aircraft",NA,"TPT",NA,"U-17A/B","15"
"163","philippines","1991","air force",NA,"aircraft",NA,"TRG",NA,"T-33A","5"
"164","philippines","1991","air force",NA,"aircraft",NA,"TRG",NA,"RT-33","3"
"165","philippines","1991","air force",NA,"aircraft",NA,"TRG",NA,"T-41D Mescalero","20"
"166","philippines","1991","air force",NA,"aircraft",NA,"TRG",NA,"SF- 260MP","14"
"167","philippines","1991","air force",NA,"aircraft",NA,"TRG",NA,"SF-260WP","9"
"168","seychelles","1989","paramilitary","coast guard","patrol and coastal combatants",NA,"PFI",NA,NA,"2"
"169","seychelles","1989","people's defence force","coast guard","patrol and coastal combatants","inshore","PCI",NA,NA,"1"
"170","Somalia","1990","air force",NA,"helicopters",NA,"UTL",NA,"Bell 212","2"
"171","Somalia","1990","air force",NA,"helicopters",NA,"UTL",NA,"Bell 212","2"
"172","taiwan","1991","army",NA,"armoured fighting vehicles",NA,"MBT",NA,"M48A5","309"
"173","taiwan","1991","army",NA,"armoured fighting vehicles",NA,"LT TK",NA,"M-24 Chaffee (90mm gun)","275"
"174","taiwan","1991","army",NA,"armoured fighting vehicles",NA,"LT TK",NA,"M-41/Type-64","675"
"175","taiwan","1991","army",NA,"armoured fighting vehicles",NA,"APC(T)",NA,"M-2 half-track","40"
"176","taiwan","1991","army",NA,"armoured fighting vehicles",NA,"APC(T)",NA,"M113","650"
"177","taiwan","1991","army",NA,"armoured fighting vehicles",NA,"APC","APC (W)","LAV-150 Commando","300"
"178","taiwan","1991","army",NA,"artillery",NA,"TOWED","105mm","T-64 (M101)","650"
"179","taiwan","1991","army",NA,"artillery",NA,"TOWED","155mm","M-59","90"
"180","taiwan","1991","army",NA,"artillery",NA,"TOWED","155mm","T-65 (M114)","250"
"181","taiwan","1991","army",NA,"artillery",NA,"TOWED","203mm","M115","70"
"182","taiwan","1991","army",NA,"artillery",NA,"SP","105mm","M108","100"
"183","taiwan","1991","army",NA,"artillery",NA,"SP","155mm","T-69","45"
"184","taiwan","1991","army",NA,"artillery",NA,"SP","155mm","M109A2/A5","110"
"185","taiwan","1991","army",NA,"artillery",NA,"SP","203mm","M110","60"
"186","taiwan","1991","army",NA,"anti-tank/anti-infrastructure","RCL",NA,"106mm","M40A1/Type 51","500"
"187","taiwan","1991","army",NA,"artillery","GUNS",NA,"76mm","M-18 SP","150"
"188","taiwan","1991","army",NA,"artillery","GUNS",NA,"40mm","M-42 SP, Bofors","400"
"189","taiwan","1991","army",NA,"aircraft",NA,"UTL",NA,"O-1","20"
"190","taiwan","1991","navy",NA,"submarines",NA,"SSK","tactical","Hai Lung","2"
"191","taiwan","1991","navy",NA,"submarines",NA,"SSK","tactical","Hai Shih","2"
"192","taiwan","1991","navy",NA,"principal surface combatants","destroyers","DD",NA,"Po Yang","6"
"193","taiwan","1991","navy",NA,"principal surface combatants","destroyers","DD",NA,"Kun Yangg","4"
"194","taiwan","1991","navy",NA,"principal surface combatants","frigates","FF",NA,"Tai Yuan","1"
"195","taiwan","1991","navy",NA,"patrol and coastal combatants",NA,"PFM",NA,"Lung Chiang","2"
"196","taiwan","1991","navy",NA,"patrol and coastal combatants",NA,"PFM",NA,"Hai Ou","50"
"197","taiwan","1991","navy",NA,"patrol and coastal combatants",NA,"PFM",NA,"Ping Jin","3"
"198","taiwan","1991","navy",NA,"mine warfare",NA,"MSC",NA,"Yung Chou","8"
"199","taiwan","1991","navy",NA,"amphibious",NA,"LCC",NA,"Kao Hsiung","1"
"200","taiwan","1991","navy",NA,"amphibious","landing ships","LSM",NA,"Mei Lo","4"
"201","taiwan","1991","navy","naval aviation","aircraft",NA,"MR",NA,"S-2E Tracker","25"
"202","taiwan","1991","navy","naval aviation","aircraft",NA,"MR",NA,"S-2G Tracker","7"
"203","taiwan","1991","air force",NA,"aircraft",NA,"FGA/FTR",NA,"F-5B","8"
"204","taiwan","1991","air force",NA,"aircraft",NA,"FGA/FTR",NA,"F-5F","55"
"205","taiwan","1991","air force",NA,"aircraft",NA,"FGA/FTR",NA,"F-104D/DJ","8"
"206","taiwan","1991","air force",NA,"aircraft",NA,"FGA/FTR",NA,"TF-104G","33"
"207","taiwan","1991","air force",NA,"aircraft",NA,"RECCE",NA,"RF-104G","3"
"208","taiwan","1991","air force",NA,"aircraft",NA,"SAR",NA,"HU-16B","8"
"209","taiwan","1991","air force",NA,"aircraft",NA,"SAR",NA,"S-70","12"
"210","taiwan","1991","air force",NA,"aircraft",NA,"SAR",NA,"UH-1H","12"
"211","taiwan","1991","air force",NA,"aircraft",NA,"TPT",NA,"C-47","8"
"212","taiwan","1991","air force",NA,"aircraft",NA,"TPT",NA,"C-54","2"
"213","taiwan","1991","air force",NA,"aircraft",NA,"TPT",NA,"C-118B","1"
"214","taiwan","1991","air force",NA,"aircraft",NA,"TPT",NA,"DC-6B","1"
"215","taiwan","1991","air force",NA,"aircraft",NA,"TPT",NA,"C-123B/K","10"
"216","taiwan","1991","air force",NA,"aircraft",NA,"TPT",NA,"C-130H Hercules","12"
"217","taiwan","1991","air force",NA,"aircraft",NA,"TPT",NA,"Beech 1900","12"
"218","taiwan","1991","air force",NA,"aircraft",NA,"TPT",NA,"B-707-720B","1"
"219","taiwan","1991","air force",NA,"aircraft",NA,"TPT",NA,"B-727-100","4"
"220","taiwan","1991","air force",NA,"helicopters",NA,"SPT",NA,"CH-34","5"
"221","taiwan","1991","air force",NA,"helicopters",NA,"UTL",NA,"S-62A (VIP)","1"
"222","taiwan","1991","air force",NA,"aircraft",NA,"TRG",NA,"AT-3A/B Tzu-Chung","60"
"223","taiwan","1991","air force",NA,"aircraft",NA,"TRG",NA,"T-33A","30"
"224","taiwan","1991","air force",NA,"aircraft",NA,"TRG",NA,"T-34C Turbo Mentor","42"
"225","thailand","1990","navy","naval aviation","helicopters",NA,"UTL",NA,"Bell 212","8"
"226","thailand","1990","navy","naval aviation","helicopters",NA,"UTL",NA,"Bell 212","8"
"227","turkey","1990","army",NA,"artillery",NA,"SP","107mm","M-30","1250"
"228","turkey","1990","army",NA,"artillery",NA,"SP","107mm","M-30","1250"
"229","india","1991","air force",NA,"aircraft",NA,"TPT",NA,"BAe-748","16"
"230","india","1991","air force",NA,"aircraft",NA,"TPT",NA,"BAe-748","16"
"231","taiwan","1991","army",NA,"armoured fighting vehicles",NA,"MBT",NA,"M48A5","309"
"232","taiwan","1991","army",NA,"armoured fighting vehicles",NA,"LT TK",NA,"M-24 Chaffee (90mm gun)","275"
"233","taiwan","1991","army",NA,"armoured fighting vehicles",NA,"LT TK",NA,"M-41/Type-64","675"
"234","taiwan","1991","army",NA,"armoured fighting vehicles",NA,"APC(T)",NA,"M-2 half-track","40"
"235","taiwan","1991","army",NA,"armoured fighting vehicles",NA,"APC(T)",NA,"M113","650"
"236","taiwan","1991","army",NA,"armoured fighting vehicles",NA,"APC","APC (W)","LAV-150 Commando","300"
"237","taiwan","1991","army",NA,"artillery",NA,"TOWED","105mm","T-64 (M101)","650"
"238","taiwan","1991","army",NA,"artillery",NA,"TOWED","155mm","M-59","90"
"239","taiwan","1991","army",NA,"artillery",NA,"TOWED","155mm","T-65 (M114)","250"
"240","taiwan","1991","army",NA,"artillery",NA,"TOWED","203mm","M115","70"
"241","taiwan","1991","army",NA,"artillery",NA,"SP","105mm","M108","100"
"242","taiwan","1991","army",NA,"artillery",NA,"SP","155mm","T-69","45"
"243","taiwan","1991","army",NA,"artillery",NA,"SP","155mm","M109A2/A5","110"
"244","taiwan","1991","army",NA,"artillery",NA,"SP","203mm","M110","60"
"245","taiwan","1991","army",NA,"anti-tank/anti-infrastructure","RCL",NA,"106mm","M40A1/Type 51","500"
"246","taiwan","1991","army",NA,"artillery","GUNS",NA,"76mm","M-18 SP","150"
"247","taiwan","1991","army",NA,"artillery","GUNS",NA,"40mm","M-42 SP, Bofors","400"
"248","taiwan","1991","army",NA,"aircraft",NA,"UTL",NA,"O-1","20"
"249","taiwan","1991","navy",NA,"submarines",NA,"SSK","tactical","Hai Lung","2"
"250","taiwan","1991","navy",NA,"submarines",NA,"SSK","tactical","Hai Shih","2"
"251","taiwan","1991","navy",NA,"principal surface combatants","destroyers","DD",NA,"Po Yang","6"
"252","taiwan","1991","navy",NA,"principal surface combatants","destroyers","DD",NA,"Kun Yangg","4"
"253","taiwan","1991","navy",NA,"principal surface combatants","frigates","FF",NA,"Tai Yuan","1"
"254","taiwan","1991","navy",NA,"patrol and coastal combatants",NA,"PFM",NA,"Lung Chiang","2"
"255","taiwan","1991","navy",NA,"patrol and coastal combatants",NA,"PFM",NA,"Hai Ou","50"
"256","taiwan","1991","navy",NA,"patrol and coastal combatants",NA,"PFM",NA,"Ping Jin","3"
"257","taiwan","1991","navy",NA,"mine warfare",NA,"MSC",NA,"Yung Chou","8"
"258","taiwan","1991","navy",NA,"amphibious",NA,"LCC",NA,"Kao Hsiung","1"
"259","taiwan","1991","navy",NA,"amphibious","landing ships","LSM",NA,"Mei Lo","4"
"260","taiwan","1991","navy","naval aviation","aircraft",NA,"MR",NA,"S-2E Tracker","25"
"261","taiwan","1991","navy","naval aviation","aircraft",NA,"MR",NA,"S-2G Tracker","7"
"262","taiwan","1991","air force",NA,"aircraft",NA,"FGA/FTR",NA,"F-5B","8"
"263","taiwan","1991","air force",NA,"aircraft",NA,"FGA/FTR",NA,"F-5F","55"
"264","taiwan","1991","air force",NA,"aircraft",NA,"FGA/FTR",NA,"F-104D/DJ","8"
"265","taiwan","1991","air force",NA,"aircraft",NA,"FGA/FTR",NA,"TF-104G","33"
"266","taiwan","1991","air force",NA,"aircraft",NA,"RECCE",NA,"RF-104G","3"
"267","taiwan","1991","air force",NA,"aircraft",NA,"SAR",NA,"HU-16B","8"
"268","taiwan","1991","air force",NA,"aircraft",NA,"SAR",NA,"S-70","12"
"269","taiwan","1991","air force",NA,"aircraft",NA,"SAR",NA,"UH-1H","12"
"270","taiwan","1991","air force",NA,"aircraft",NA,"TPT",NA,"C-47","8"
"271","taiwan","1991","air force",NA,"aircraft",NA,"TPT",NA,"C-54","2"
"272","taiwan","1991","air force",NA,"aircraft",NA,"TPT",NA,"C-118B","1"
"273","taiwan","1991","air force",NA,"aircraft",NA,"TPT",NA,"DC-6B","1"
"274","taiwan","1991","air force",NA,"aircraft",NA,"TPT",NA,"C-123B/K","10"
"275","taiwan","1991","air force",NA,"aircraft",NA,"TPT",NA,"C-130H Hercules","12"
"276","taiwan","1991","air force",NA,"aircraft",NA,"TPT",NA,"Beech 1900","12"
"277","taiwan","1991","air force",NA,"aircraft",NA,"TPT",NA,"B-707-720B","1"
"278","taiwan","1991","air force",NA,"aircraft",NA,"TPT",NA,"B-727-100","4"
"279","taiwan","1991","air force",NA,"helicopters",NA,"SPT",NA,"CH-34","5"
"280","taiwan","1991","air force",NA,"helicopters",NA,"UTL",NA,"S-62A (VIP)","1"
"281","taiwan","1991","air force",NA,"aircraft",NA,"TRG",NA,"AT-3A/B Tzu-Chung","60"
"282","taiwan","1991","air force",NA,"aircraft",NA,"TRG",NA,"T-33A","30"
"283","taiwan","1991","air force",NA,"aircraft",NA,"TRG",NA,"T-34C Turbo Mentor","42"
"284","thailand","1991","navy","naval aviation","helicopters",NA,"UTL",NA,"Bell 212","8"
"285","thailand","1991","navy","naval aviation","helicopters",NA,"UTL",NA,"Bell 212","8"
"286","philippines","1991","army",NA,"artillery",NA,"TOWED","105mm","M101/M102/M-26/M-56","230"
"287","philippines","1991","army",NA,"artillery",NA,"TOWED","155mm","M114/M-68","12"
"288","philippines","1991","army",NA,"artillery","MOR",NA,"107mm","M-30","40"
"289","philippines","1991","navy",NA,"patrol and coastal combatants",NA,"PCO",NA,"Rizal","2"
"290","philippines","1991","navy",NA,"patrol and coastal combatants",NA,"PCO",NA,"Miguel Malvar","5"
"291","philippines","1991","navy",NA,"patrol and coastal combatants",NA,"PCO",NA,"Magat Salamat","1"
"292","philippines","1991","navy",NA,"patrol and coastal combatants",NA,"PCC",NA,"Kagitingan","4"
"293","philippines","1991","navy","naval aviation","aircraft",NA,"MR/SAR",NA,"BN-2A Defender","5"
"294","philippines","1991","navy","naval aviation","aircraft",NA,"MR/SAR",NA,"Islander","1"
"295","philippines","1991","navy","naval aviation","helicopters",NA,"SAR",NA,"Bo-105","12"
"296","philippines","1991","navy","marines","armoured fighting vehicles",NA,"AAV",NA,"LVTP-5","30"
"297","philippines","1991","navy","marines","armoured fighting vehicles",NA,"AAV",NA,"LVTP-7","55"
"298","philippines","1991","navy","marines","artillery",NA,"TOWED","105mm","M101","150"
"299","philippines","1991","air force",NA,"aircraft",NA,"FTR",NA,"F-5A/B","9"
"300","philippines","1991","air force",NA,"aircraft",NA,"ATK/RECCE",NA,"T-28D","8"
"301","philippines","1991","air force",NA,"helicopters",NA,"MRH",NA,"Bell UH-1H/M","55"
"302","philippines","1991","air force",NA,"helicopters",NA,"TPT",NA,"AUH-76","16"
"303","philippines","1991","air force",NA,"aircraft",NA,"MR",NA,"F-27M","2"
"304","philippines","1991","air force",NA,"aircraft",NA,"ATK/RECCE",NA,"RT-33A","3"
"305","philippines","1991","air force",NA,"aircraft",NA,"SAR",NA,"UH-16","4"
"306","philippines","1991","air force",NA,"aircraft",NA,"SAR",NA,"Bo-105C","10"
"307","philippines","1991","air force",NA,"aircraft",NA,"TPT",NA,"F-27","1"
"308","philippines","1991","air force",NA,"aircraft",NA,"TPT",NA,"F-28","1"
"309","philippines","1991","air force",NA,"helicopters",NA,"UTL",NA,"Bell 212","1"
"310","philippines","1991","air force",NA,"aircraft",NA,"TPT",NA,"S-70A","2"
"311","philippines","1991","air force",NA,"aircraft",NA,"TPT",NA,"SA-330","2"
"312","philippines","1991","air force",NA,"aircraft",NA,"TPT",NA,"C-130H","3"
"313","philippines","1991","air force",NA,"aircraft",NA,"TPT",NA,"L-100-20","3"
"314","philippines","1991","air force",NA,"aircraft",NA,"TPT",NA,"C-47","3"
"315","philippines","1991","air force",NA,"aircraft",NA,"TPT",NA,"F-27-200","7"
"316","philippines","1991","air force",NA,"aircraft",NA,"TPT",NA,"BN-2 Islander","10"
"317","philippines","1991","air force",NA,"aircraft",NA,"TPT",NA,"N-22B Nomal Missionmaster","9"
"318","philippines","1991","air force",NA,"helicopters",NA,"MRH",NA,"Bell 205","15"
"319","philippines","1991","air force",NA,"helicopters",NA,"TPT",NA,"UH-1H","17"
"320","philippines","1991","air force",NA,"aircraft",NA,"TPT",NA,"Cessna 180","6"
"321","philippines","1991","air force",NA,"aircraft",NA,"TPT",NA,"Cessna 210","2"
"322","philippines","1991","air force",NA,"aircraft",NA,"TPT",NA,"Cessna 310","1"
"323","philippines","1991","air force",NA,"aircraft",NA,"TPT",NA,"DHC-2","5"
"324","philippines","1991","air force",NA,"aircraft",NA,"TPT",NA,"U-17A/B","15"
"325","philippines","1991","air force",NA,"aircraft",NA,"TRG",NA,"T-33A","5"
"326","philippines","1991","air force",NA,"aircraft",NA,"TRG",NA,"RT-33","3"
"327","philippines","1991","air force",NA,"aircraft",NA,"TRG",NA,"T-41D Mescalero","20"
"328","philippines","1991","air force",NA,"aircraft",NA,"TRG",NA,"SF- 260MP","14"
"329","philippines","1991","air force",NA,"aircraft",NA,"TRG",NA,"SF-260WP","9"
"330","oman","1991","royal household","royal flight","aircraft",NA,"TPT","PAX","Gulfstream IV","2"
"331","korea, dpr of","1991","air force",NA,"helicopters",NA,"TPT","medium","Mi-8 Hip/Mi-17 Hip H","60"
"332","korea, dpr of","1991","air force",NA,"helicopters",NA,"TPT","medium","Z-5","30"
"333","korea, dpr of","1991","air force",NA,"helicopters",NA,"TPT","light","PZL Mi-2 Hoplite","100"
"334","korea, dpr of","1991","air force",NA,"surface-to-surface missile launchers","missiles","TOWED","","S-75 Dvina (SA-2 Guideline)","72"
"335","korea, dpr of","1991","air force",NA,"surface-to-surface missile launchers","missiles","TOWED","","S-125 Pechora (SA-3 Goa)","32"
"336","korea, dpr of","1991","air force",NA,"air defence",NA,"STATIC/SHELTER",NA,"S-200 (SA-5 Gammon)","72"
"337","korea, dpr of","1991","air force",NA,"helicopters",NA,"TPT","medium","Mi-8 Hip/Mi-17 Hip H","60"
"338","korea, dpr of","1991","air force",NA,"helicopters",NA,"TPT","medium","Z-5","30"
"339","korea, dpr of","1991","air force",NA,"helicopters",NA,"TPT","light","PZL Mi-2 Hoplite","100"
"340","korea, dpr of","1991","air force",NA,"surface-to-surface missile launchers","missiles","TOWED","","S-75 Dvina (SA-2 Guideline)","72"
"341","korea, dpr of","1991","air force",NA,"surface-to-surface missile launchers","missiles","TOWED","","S-125 Pechora (SA-3 Goa)","32"
"342","korea, dpr of","1991","air force",NA,"air defence",NA,"STATIC/SHELTER",NA,"S-200 (SA-5 Gammon)","72"
"343","india","1992","air force",NA,"aircraft",NA,"TPT",NA,"BAe-748","16"
"344","india","1992","air force",NA,"aircraft",NA,"TPT",NA,"BAe-748","16"
"345","thailand","1992","navy","naval aviation","helicopters",NA,"UTL",NA,"Bell 212","8"
"346","thailand","1992","navy","naval aviation","helicopters",NA,"UTL",NA,"Bell 212","8"
"347","korea, dpr of","1992","air force",NA,"helicopters",NA,"TPT","medium","Mi-8 Hip/Mi-17 Hip H","60"
"348","korea, dpr of","1992","air force",NA,"helicopters",NA,"TPT","medium","Z-5","30"
"349","korea, dpr of","1992","air force",NA,"helicopters",NA,"TPT","light","PZL Mi-2 Hoplite","100"
"350","korea, dpr of","1992","air force",NA,"surface-to-surface missile launchers","missiles","TOWED","","S-75 Dvina (SA-2 Guideline)","72"
"351","korea, dpr of","1992","air force",NA,"surface-to-surface missile launchers","missiles","TOWED","","S-125 Pechora (SA-3 Goa)","32"
"352","korea, dpr of","1992","air force",NA,"air defence",NA,"STATIC/SHELTER",NA,"S-200 (SA-5 Gammon)","72"
"353","korea, dpr of","1992","air force",NA,"helicopters",NA,"TPT","medium","Mi-8 Hip/Mi-17 Hip H","60"
"354","korea, dpr of","1992","air force",NA,"helicopters",NA,"TPT","medium","Z-5","30"
"355","korea, dpr of","1992","air force",NA,"helicopters",NA,"TPT","light","PZL Mi-2 Hoplite","100"
"356","korea, dpr of","1992","air force",NA,"surface-to-surface missile launchers","missiles","TOWED","","S-75 Dvina (SA-2 Guideline)","72"
"357","korea, dpr of","1992","air force",NA,"surface-to-surface missile launchers","missiles","TOWED","","S-125 Pechora (SA-3 Goa)","32"
"358","korea, dpr of","1992","air force",NA,"air defence",NA,"STATIC/SHELTER",NA,"S-200 (SA-5 Gammon)","72"
"359","turkey","1993","army",NA,"aircraft",NA,"TPT","light","Cessna 206","8"
"360","thailand","1993","navy","naval aviation","helicopters",NA,"UTL",NA,"Bell 212","8"
"361","thailand","1993","navy","naval aviation","helicopters",NA,"UTL",NA,"Bell 212","8"
"362","korea, dpr of","1993","air force",NA,"helicopters",NA,"TPT","medium","Mi-8 Hip/Mi-17 Hip H","15"
"363","korea, dpr of","1993","air force",NA,"helicopters",NA,"TPT","medium","Z-5","48"
"364","korea, dpr of","1993","air force",NA,"helicopters",NA,"TPT","light","PZL Mi-2 Hoplite","140"
"365","korea, dpr of","1993","air force",NA,"surface-to-surface missile launchers","missiles","TOWED","","S-75 Dvina (SA-2 Guideline)","240"
"366","korea, dpr of","1993","air force",NA,"surface-to-surface missile launchers","missiles","TOWED","","S-125 Pechora (SA-3 Goa)","36"
"367","korea, dpr of","1993","air force",NA,"air defence",NA,"STATIC/SHELTER",NA,"S-200 (SA-5 Gammon)","24"
"368","korea, dpr of","1993","air force",NA,"helicopters",NA,"TPT","medium","Mi-8 Hip/Mi-17 Hip H","15"
"369","korea, dpr of","1993","air force",NA,"helicopters",NA,"TPT","medium","Z-5","48"
"370","korea, dpr of","1993","air force",NA,"helicopters",NA,"TPT","light","PZL Mi-2 Hoplite","140"
"371","korea, dpr of","1993","air force",NA,"surface-to-surface missile launchers","missiles","TOWED","","S-75 Dvina (SA-2 Guideline)","240"
"372","korea, dpr of","1993","air force",NA,"surface-to-surface missile launchers","missiles","TOWED","","S-125 Pechora (SA-3 Goa)","36"
"373","korea, dpr of","1993","air force",NA,"air defence",NA,"STATIC/SHELTER",NA,"S-200 (SA-5 Gammon)","24"
"374","turkey","1993","army",NA,"aircraft",NA,"TPT","light","Cessna 206","8"
"375","turkey","1993","air force",NA,"helicopters",NA,"TPT","light","Bell 20S (UH-lH
Iroquois)","21"
"376","turkey","1993","air force",NA,"helicopters",NA,"TPT","light","Bell 20S (UH-lH
Iroquois)","21"
"377","us","1994","air force","air education and training command","aircraft",NA,"TAC",NA,"OC-135","3"
"378","us","1994","air force","air education and training command","aircraft",NA,"TAC",NA,"OC-135","3"
"379","thailand","1994","navy","naval aviation","helicopters",NA,"UTL",NA,"Bell 212","8"
"380","thailand","1994","navy","naval aviation","helicopters",NA,"UTL",NA,"Bell 212","8"
"381","argentina","1996","air force","air operations command","aircraft",NA,"FGA/FTR",NA,"A-4B/C","16"
"382","greece","1995","air force",NA,"aircraft",NA,"TPT",NA,"C-47 (tpt)","4"
"383","greece","1995","air force",NA,"aircraft",NA,"TPT",NA,"C-130H (tpt)","10"
"384","greece","1995","air force",NA,"aircraft",NA,"TPT",NA,"C-130B (tpt)","7"
"385","greece","1995","air force",NA,"aircraft",NA,"SPT",NA,"CL-215","10"
"386","greece","1995","air force",NA,"aircraft",NA,"TPT",NA,"Do-28 (tpt)","12"
"387","greece","1995","air force",NA,"aircraft",NA,"TPT",NA,"Gulfstream I","1"
"388","greece","1995","air force",NA,"aircraft",NA,"TRG",NA,"T-2","36"
"389","greece","1995","air force",NA,"aircraft",NA,"TRG",NA,"T-33A","30"
"390","greece","1995","air force",NA,"aircraft",NA,"TRG",NA,"T-37B/C (trg)","29"
"391","greece","1995","air force",NA,"aircraft",NA,"TRG",NA,"T-41D","19"
"392","greece","1995","air force",NA,"aircraft",NA,"TPT",NA,"YS-11-200 (tpt)","6"
"393","greece","1995","air force",NA,"helicopters",NA,"UTL",NA,"AB-205A","14"
"394","greece","1995","air force",NA,"helicopters",NA,"TPT",NA,"AB-206","1"
"395","greece","1995","air force",NA,"helicopters",NA,"UTL",NA,"AB-212 (VIP, tpt)","4"
"396","greece","1995","air force",NA,"helicopters",NA,"MRH",NA,"Bell 47G","5"
"397","greece","1995","air force",NA,"surface-to-surface missile launchers","missiles","SAM",NA,"Nile Hercules","36"
"398","greece","1995","air force",NA,"surface-to-surface missile launchers","missiles","SAM",NA,"Sparrow","40"
"399","greece","1995","paramilitary","gendarmerie","armoured fighting vehicles",NA,"APC",NA,"UR-416","15"
"400","greece","1995","paramilitary","gendarmerie","helicopters",NA,"TRG",NA,"NH-300","6"
"401","greece","1995","paramilitary","coast guard and customs","patrol and coastal combatants",NA,"PC",NA,"Patrol craft","100"
"402","greece","1995","paramilitary","coast guard and customs","aircraft",NA,"TPT","light","Cessna 172RG Cutlass","2"
"403","greece","1995","paramilitary","coast guard and customs","aircraft",NA,"TPT","light","TB-20 Trinidad","2"
"404","us","1995","air force","air education and training command","aircraft",NA,"TAC",NA,"OC-135","3"
"405","us","1995","air force","air education and training command","aircraft",NA,"TAC",NA,"OC-135","3"
"406","greece","1995","air force",NA,"aircraft",NA,"TPT",NA,"C-47 (tpt)","4"
"407","greece","1995","air force",NA,"aircraft",NA,"TPT",NA,"C-130H (tpt)","10"
"408","greece","1995","air force",NA,"aircraft",NA,"TPT",NA,"C-130B (tpt)","7"
"409","greece","1995","air force",NA,"aircraft",NA,"SPT",NA,"CL-215","10"
"410","greece","1995","air force",NA,"aircraft",NA,"TPT",NA,"Do-28 (tpt)","12"
"411","greece","1995","air force",NA,"aircraft",NA,"TPT",NA,"Gulfstream I","1"
"412","greece","1995","air force",NA,"aircraft",NA,"TRG",NA,"T-2","36"
"413","greece","1995","air force",NA,"aircraft",NA,"TRG",NA,"T-33A","30"
"414","greece","1995","air force",NA,"aircraft",NA,"TRG",NA,"T-37B/C (trg)","29"
"415","greece","1995","air force",NA,"aircraft",NA,"TRG",NA,"T-41D","19"
"416","greece","1995","air force",NA,"aircraft",NA,"TPT",NA,"YS-11-200 (tpt)","6"
"417","greece","1995","air force",NA,"helicopters",NA,"UTL",NA,"AB-205A","14"
"418","greece","1995","air force",NA,"helicopters",NA,"TPT",NA,"AB-206","1"
"419","greece","1995","air force",NA,"helicopters",NA,"UTL",NA,"AB-212 (VIP, tpt)","4"
"420","greece","1995","air force",NA,"helicopters",NA,"MRH",NA,"Bell 47G","5"
"421","greece","1995","air force",NA,"surface-to-surface missile launchers","missiles","SAM",NA,"Nile Hercules","36"
"422","greece","1995","air force",NA,"surface-to-surface missile launchers","missiles","SAM",NA,"Sparrow","40"
"423","greece","1995","paramilitary","gendarmerie","armoured fighting vehicles",NA,"APC",NA,"UR-416","15"
"424","greece","1995","paramilitary","gendarmerie","helicopters",NA,"TRG",NA,"NH-300","6"
"425","greece","1995","paramilitary","coast guard and customs","patrol and coastal combatants",NA,"PC",NA,"Patrol craft","100"
"426","greece","1995","paramilitary","coast guard and customs","aircraft",NA,"TPT","light","Cessna 172RG Cutlass","2"
"427","greece","1995","paramilitary","coast guard and customs","aircraft",NA,"TPT","light","TB-20 Trinidad","2"
"428","thailand","1995","navy","naval aviation","helicopters",NA,"UTL",NA,"Bell 212","8"
"429","thailand","1995","navy","naval aviation","helicopters",NA,"UTL",NA,"Bell 212","8"
"430","greece","1995","air force",NA,"aircraft",NA,"TPT",NA,"C-47 (tpt)","4"
"431","greece","1995","air force",NA,"aircraft",NA,"TPT",NA,"C-130H (tpt)","10"
"432","greece","1995","air force",NA,"aircraft",NA,"TPT",NA,"C-130B (tpt)","7"
"433","greece","1995","air force",NA,"aircraft",NA,"SPT",NA,"CL-215","10"
"434","greece","1995","air force",NA,"aircraft",NA,"TPT",NA,"Do-28 (tpt)","12"
"435","greece","1995","air force",NA,"aircraft",NA,"TPT",NA,"Gulfstream I","1"
"436","greece","1995","air force",NA,"aircraft",NA,"TRG",NA,"T-2","36"
"437","greece","1995","air force",NA,"aircraft",NA,"TRG",NA,"T-33A","30"
"438","greece","1995","air force",NA,"aircraft",NA,"TRG",NA,"T-37B/C (trg)","29"
"439","greece","1995","air force",NA,"aircraft",NA,"TRG",NA,"T-41D","19"
"440","greece","1995","air force",NA,"aircraft",NA,"TPT",NA,"YS-11-200 (tpt)","6"
"441","greece","1995","air force",NA,"helicopters",NA,"UTL",NA,"AB-205A","14"
"442","greece","1995","air force",NA,"helicopters",NA,"TPT",NA,"AB-206","1"
"443","greece","1995","air force",NA,"helicopters",NA,"UTL",NA,"AB-212 (VIP, tpt)","4"
"444","greece","1995","air force",NA,"helicopters",NA,"MRH",NA,"Bell 47G","5"
"445","greece","1995","air force",NA,"surface-to-surface missile launchers","missiles","SAM",NA,"Nile Hercules","36"
"446","greece","1995","air force",NA,"surface-to-surface missile launchers","missiles","SAM",NA,"Sparrow","40"
"447","greece","1995","paramilitary","gendarmerie","armoured fighting vehicles",NA,"APC",NA,"UR-416","15"
"448","greece","1995","paramilitary","gendarmerie","helicopters",NA,"TRG",NA,"NH-300","6"
"449","greece","1995","paramilitary","coast guard and customs","patrol and coastal combatants",NA,"PC",NA,"Patrol craft","100"
"450","greece","1995","paramilitary","coast guard and customs","aircraft",NA,"TPT","light","Cessna 172RG Cutlass","2"
"451","greece","1995","paramilitary","coast guard and customs","aircraft",NA,"TPT","light","TB-20 Trinidad","2"
"452","greece","1995","air force",NA,"aircraft",NA,"TPT",NA,"C-47 (tpt)","4"
"453","greece","1995","air force",NA,"aircraft",NA,"TPT",NA,"C-130H (tpt)","10"
"454","greece","1995","air force",NA,"aircraft",NA,"TPT",NA,"C-130B (tpt)","7"
"455","greece","1995","air force",NA,"aircraft",NA,"SPT",NA,"CL-215","10"
"456","greece","1995","air force",NA,"aircraft",NA,"TPT",NA,"Do-28 (tpt)","12"
"457","greece","1995","air force",NA,"aircraft",NA,"TPT",NA,"Gulfstream I","1"
"458","greece","1995","air force",NA,"aircraft",NA,"TRG",NA,"T-2","36"
"459","greece","1995","air force",NA,"aircraft",NA,"TRG",NA,"T-33A","30"
"460","greece","1995","air force",NA,"aircraft",NA,"TRG",NA,"T-37B/C (trg)","29"
"461","greece","1995","air force",NA,"aircraft",NA,"TRG",NA,"T-41D","19"
"462","greece","1995","air force",NA,"aircraft",NA,"TPT",NA,"YS-11-200 (tpt)","6"
"463","greece","1995","air force",NA,"helicopters",NA,"UTL",NA,"AB-205A","14"
"464","greece","1995","air force",NA,"helicopters",NA,"TPT",NA,"AB-206","1"
"465","greece","1995","air force",NA,"helicopters",NA,"UTL",NA,"AB-212 (VIP, tpt)","4"
"466","greece","1995","air force",NA,"helicopters",NA,"MRH",NA,"Bell 47G","5"
"467","greece","1995","air force",NA,"surface-to-surface missile launchers","missiles","SAM",NA,"Nile Hercules","36"
"468","greece","1995","air force",NA,"surface-to-surface missile launchers","missiles","SAM",NA,"Sparrow","40"
"469","greece","1995","paramilitary","gendarmerie","armoured fighting vehicles",NA,"APC",NA,"UR-416","15"
"470","greece","1995","paramilitary","gendarmerie","helicopters",NA,"TRG",NA,"NH-300","6"
"471","greece","1995","paramilitary","coast guard and customs","patrol and coastal combatants",NA,"PC",NA,"Patrol craft","100"
"472","greece","1995","paramilitary","coast guard and customs","aircraft",NA,"TPT","light","Cessna 172RG Cutlass","2"
"473","greece","1995","paramilitary","coast guard and customs","aircraft",NA,"TPT","light","TB-20 Trinidad","2"
"474","korea, dpr of","1995","air force",NA,"helicopters",NA,"TPT","medium","Mi-8 Hip/Mi-17 Hip H","15"
"475","korea, dpr of","1995","air force",NA,"helicopters",NA,"TPT","medium","Z-5","48"
"476","korea, dpr of","1995","air force",NA,"helicopters",NA,"TPT","light","PZL Mi-2 Hoplite","140"
"477","korea, dpr of","1995","air force",NA,"surface-to-surface missile launchers","missiles","TOWED","","S-75 Dvina (SA-2 Guideline)","240"
"478","korea, dpr of","1995","air force",NA,"surface-to-surface missile launchers","missiles","TOWED","","S-125 Pechora (SA-3 Goa)","36"
"479","korea, dpr of","1995","air force",NA,"air defence",NA,"STATIC/SHELTER",NA,"S-200 (SA-5 Gammon)","24"
"480","korea, dpr of","1995","air force",NA,"helicopters",NA,"TPT","medium","Mi-8 Hip/Mi-17 Hip H","15"
"481","korea, dpr of","1995","air force",NA,"helicopters",NA,"TPT","medium","Z-5","48"
"482","korea, dpr of","1995","air force",NA,"helicopters",NA,"TPT","light","PZL Mi-2 Hoplite","140"
"483","korea, dpr of","1995","air force",NA,"surface-to-surface missile launchers","missiles","TOWED","","S-75 Dvina (SA-2 Guideline)","240"
"484","korea, dpr of","1995","air force",NA,"surface-to-surface missile launchers","missiles","TOWED","","S-125 Pechora (SA-3 Goa)","36"
"485","korea, dpr of","1995","air force",NA,"air defence",NA,"STATIC/SHELTER",NA,"S-200 (SA-5 Gammon)","24"
"486","argentina","1996","air force","air operations command","aircraft",NA,"FGA/FTR",NA,"A-4B/C","16"
"487","slovenia","1996","army","air element","surface-to-surface missile launchers","missiles","SAM",NA,"SP","9"
"488","slovenia","1996","army","air element","surface-to-surface missile launchers","missiles","SAM",NA,"SP","9"
"489","thailand","1996","navy","naval aviation","helicopters",NA,"UTL",NA,"Bell 212","7"
"490","thailand","1996","navy","naval aviation","helicopters",NA,"UTL",NA,"Bell 212","7"
"491","mexico","1996","air force",NA,"helicopters",NA,"UTL",NA,"UH-60","2"
"492","mexico","1996","air force",NA,"helicopters",NA,"UTL",NA,"UH-60","2"
"493","korea, dpr of","1996","navy",NA,"patrol and coastal combatants","missile craft","FS",NA,"Sariwon","4"
"494","korea, dpr of","1996","navy",NA,"patrol and coastal combatants","missile craft","FS",NA,"Sariwon","4"
"495","korea, dpr of","1996","air force",NA,"helicopters",NA,"TPT","medium","Mi-8 Hip/Mi-17 Hip H","15"
"496","korea, dpr of","1996","air force",NA,"helicopters",NA,"TPT","medium","Z-5","48"
"497","korea, dpr of","1996","air force",NA,"helicopters",NA,"TPT","light","PZL Mi-2 Hoplite","140"
"498","korea, dpr of","1996","air force",NA,"surface-to-surface missile launchers","missiles","TOWED","","S-75 Dvina (SA-2 Guideline)","240"
"499","korea, dpr of","1996","air force",NA,"surface-to-surface missile launchers","missiles","TOWED","","S-125 Pechora (SA-3 Goa)","36"
"500","korea, dpr of","1996","air force",NA,"air defence",NA,"STATIC/SHELTER",NA,"S-200 (SA-5 Gammon)","24"
"501","korea, dpr of","1996","air force",NA,"helicopters",NA,"TPT","medium","Mi-8 Hip/Mi-17 Hip H","15"
"502","korea, dpr of","1996","air force",NA,"helicopters",NA,"TPT","medium","Z-5","48"
"503","korea, dpr of","1996","air force",NA,"helicopters",NA,"TPT","light","PZL Mi-2 Hoplite","140"
"504","korea, dpr of","1996","air force",NA,"surface-to-surface missile launchers","missiles","TOWED","","S-75 Dvina (SA-2 Guideline)","240"
"505","korea, dpr of","1996","air force",NA,"surface-to-surface missile launchers","missiles","TOWED","","S-125 Pechora (SA-3 Goa)","36"
"506","korea, dpr of","1996","air force",NA,"air defence",NA,"STATIC/SHELTER",NA,"S-200 (SA-5 Gammon)","24"
"507","chad","1996","air force",NA,"aircraft",NA,"TPT",NA,"PC-6B","2"
"508","chad","1996","air force",NA,"aircraft",NA,"TPT",NA,"PC-6B","2"
"509","slovenia","1997","army","air element","surface-to-surface missile launchers","missiles","SAM",NA,"SP","9"
"510","slovenia","1997","army","air element","surface-to-surface missile launchers","missiles","SAM",NA,"SP","9"
"511","mexico","1997","air force",NA,"helicopters",NA,"UTL",NA,"UH-60","2"
"512","mexico","1997","air force",NA,"helicopters",NA,"UTL",NA,"UH-60","2"
"513","korea, dpr of","1997","air force",NA,"helicopters",NA,"TPT","medium","Mi-8 Hip/Mi-17 Hip H","15"
"514","korea, dpr of","1997","air force",NA,"helicopters",NA,"TPT","medium","Z-5","48"
"515","korea, dpr of","1997","air force",NA,"helicopters",NA,"TPT","light","PZL Mi-2 Hoplite","139"
"516","korea, dpr of","1997","air force",NA,"helicopters",NA,"TPT","medium","Mi-8 Hip/Mi-17 Hip H","15"
"517","korea, dpr of","1997","air force",NA,"helicopters",NA,"TPT","medium","Z-5","48"
"518","korea, dpr of","1997","air force",NA,"helicopters",NA,"TPT","light","PZL Mi-2 Hoplite","139"
"519","slovenia","1998","army","air element","surface-to-surface missile launchers","missiles","SAM",NA,"SP","9"
"520","slovenia","1998","army","air element","surface-to-surface missile launchers","missiles","SAM",NA,"SP","9"
"521","bolivia","1998","air force",NA,"aircraft",NA,"TRG/COIN",NA,"PC-7","19"
"522","bolivia","1998","air force",NA,"aircraft",NA,"TRG/COIN",NA,"PC-7","19"
"523","mexico","1998","air force",NA,"helicopters",NA,"UTL",NA,"UH-60","2"
"524","mexico","1998","air force",NA,"helicopters",NA,"UTL",NA,"UH-60","2"
"525","iceland","1999","paramilitary","coast guard","patrol and coastal combatants","inshore","PCI",NA,"PCI<","1"
"526","korea, dpr of","1998","air force",NA,"helicopters",NA,"TPT","medium","Mi-8 Hip/Mi-17 Hip H","15"
"527","korea, dpr of","1998","air force",NA,"helicopters",NA,"TPT","medium","Z-5","48"
"528","korea, dpr of","1998","air force",NA,"helicopters",NA,"TPT","light","PZL Mi-2 Hoplite","139"
"529","korea, dpr of","1998","air force",NA,"surface-to-surface missile launchers","missiles","TOWED","","S-75 Dvina (SA-2 Guideline)","300"
"530","korea, dpr of","1998","air force",NA,"surface-to-surface missile launchers","missiles","TOWED","","S-125 Pechora (SA-3 Goa)","36"
"531","korea, dpr of","1998","air force",NA,"air defence",NA,"STATIC/SHELTER",NA,"S-200 (SA-5 Gammon)","24"
"532","korea, dpr of","1998","air force",NA,"helicopters",NA,"TPT","medium","Mi-8 Hip/Mi-17 Hip H","15"
"533","korea, dpr of","1998","air force",NA,"helicopters",NA,"TPT","medium","Z-5","48"
"534","korea, dpr of","1998","air force",NA,"helicopters",NA,"TPT","light","PZL Mi-2 Hoplite","139"
"535","korea, dpr of","1998","air force",NA,"surface-to-surface missile launchers","missiles","TOWED","","S-75 Dvina (SA-2 Guideline)","300"
"536","korea, dpr of","1998","air force",NA,"surface-to-surface missile launchers","missiles","TOWED","","S-125 Pechora (SA-3 Goa)","36"
"537","korea, dpr of","1998","air force",NA,"air defence",NA,"STATIC/SHELTER",NA,"S-200 (SA-5 Gammon)","24"
"538","bangladesh","1999","navy",NA,"logistics and support",NA,"AOT",NA,NA,"1"
"539","bangladesh","1999","navy",NA,"logistics and support",NA,"AOT",NA,NA,"1"
"540","bangladesh","1999","navy",NA,"logistics and support",NA,"AOT",NA,NA,"1"
"541","bangladesh","1999","navy",NA,"logistics and support",NA,"AOT",NA,NA,"1"
"542","bolivia","1999","air force",NA,"aircraft",NA,"TRG/COIN",NA,"PC-7","19"
"543","bolivia","1999","air force",NA,"aircraft",NA,"TRG/COIN",NA,"PC-7","19"
"544","iceland","1999","paramilitary","coast guard","patrol and coastal combatants","inshore","PCI",NA,"PCI<","1"
"545","korea, dpr of","1999","air force",NA,"helicopters",NA,"TPT","medium","Mi-8 Hip/Mi-17 Hip H","15"
"546","korea, dpr of","1999","air force",NA,"helicopters",NA,"TPT","medium","Z-5","48"
"547","korea, dpr of","1999","air force",NA,"helicopters",NA,"TPT","light","PZL Mi-2 Hoplite","139"
"548","korea, dpr of","1999","air force",NA,"surface-to-surface missile launchers","missiles","TOWED","","S-75 Dvina (SA-2 Guideline)","45"
"549","korea, dpr of","1999","air force",NA,"surface-to-surface missile launchers","missiles","TOWED","","S-125 Pechora (SA-3 Goa)","7"
"550","korea, dpr of","1999","air force",NA,"air defence",NA,"STATIC/SHELTER",NA,"S-200 (SA-5 Gammon)","2"
"551","korea, dpr of","1999","air force",NA,"helicopters",NA,"TPT","medium","Mi-8 Hip/Mi-17 Hip H","15"
"552","korea, dpr of","1999","air force",NA,"helicopters",NA,"TPT","medium","Z-5","48"
"553","korea, dpr of","1999","air force",NA,"helicopters",NA,"TPT","light","PZL Mi-2 Hoplite","139"
"554","korea, dpr of","1999","air force",NA,"surface-to-surface missile launchers","missiles","TOWED","","S-75 Dvina (SA-2 Guideline)","45"
"555","korea, dpr of","1999","air force",NA,"surface-to-surface missile launchers","missiles","TOWED","","S-125 Pechora (SA-3 Goa)","7"
"556","korea, dpr of","1999","air force",NA,"air defence",NA,"STATIC/SHELTER",NA,"S-200 (SA-5 Gammon)","2"
"557","mexico","1999","air force",NA,"helicopters",NA,"UTL",NA,"UH-60","2"
"558","mexico","1999","air force",NA,"helicopters",NA,"UTL",NA,"UH-60","2"
"559","new zealand","1999","navy",NA,"logistics and support",NA,"TRG",NA,NA,"1"
"560","new zealand","1999","navy",NA,"logistics and support",NA,"TRG",NA,NA,"1"
"561","slovenia","1999","army","air element","surface-to-surface missile launchers","missiles","SAM",NA,"SP","9"
"562","slovenia","1999","army","air element","surface-to-surface missile launchers","missiles","SAM",NA,"SP","9"
"563","bangladesh","2000","navy",NA,"logistics and support",NA,"AOT",NA,NA,"1"
"564","bangladesh","2000","navy",NA,"logistics and support",NA,"AOT",NA,NA,"1"
"565","bangladesh","2000","navy",NA,"logistics and support",NA,"AOT",NA,NA,"1"
"566","bangladesh","2000","navy",NA,"logistics and support",NA,"AOT",NA,NA,"1"
"567","bolivia","2000","air force",NA,"aircraft",NA,"TRG/COIN",NA,"PC-7","19"
"568","bolivia","2000","air force",NA,"aircraft",NA,"TRG/COIN",NA,"PC-7","19"
"569","korea, dpr of","2000","navy",NA,"patrol and coastal combatants","missile craft","FS",NA,"Sariwon","4"
"570","korea, dpr of","2000","navy",NA,"patrol and coastal combatants","missile craft","FS",NA,"Tral","2"
"571","korea, dpr of","2000","navy",NA,"patrol and coastal combatants","missile craft","FS",NA,"Sariwon","4"
"572","korea, dpr of","2000","navy",NA,"patrol and coastal combatants","missile craft","FS",NA,"Tral","2"
"573","korea, dpr of","2000","air force",NA,"helicopters",NA,"TPT","medium","Mi-8 Hip/Mi-17 Hip H","15"
"574","korea, dpr of","2000","air force",NA,"helicopters",NA,"TPT","medium","Z-5","48"
"575","korea, dpr of","2000","air force",NA,"helicopters",NA,"TPT","light","PZL Mi-2 Hoplite","139"
"576","korea, dpr of","2000","air force",NA,"surface-to-surface missile launchers","missiles","TOWED","","S-75 Dvina (SA-2 Guideline)","45"
"577","korea, dpr of","2000","air force",NA,"surface-to-surface missile launchers","missiles","TOWED","","S-125 Pechora (SA-3 Goa)","7"
"578","korea, dpr of","2000","air force",NA,"air defence",NA,"STATIC/SHELTER",NA,"S-200 (SA-5 Gammon)","2"
"579","korea, dpr of","2000","air force",NA,"helicopters",NA,"TPT","medium","Mi-8 Hip/Mi-17 Hip H","15"
"580","korea, dpr of","2000","air force",NA,"helicopters",NA,"TPT","medium","Z-5","48"
"581","korea, dpr of","2000","air force",NA,"helicopters",NA,"TPT","light","PZL Mi-2 Hoplite","139"
"582","korea, dpr of","2000","air force",NA,"surface-to-surface missile launchers","missiles","TOWED","","S-75 Dvina (SA-2 Guideline)","45"
"583","korea, dpr of","2000","air force",NA,"surface-to-surface missile launchers","missiles","TOWED","","S-125 Pechora (SA-3 Goa)","7"
"584","korea, dpr of","2000","air force",NA,"air defence",NA,"STATIC/SHELTER",NA,"S-200 (SA-5 Gammon)","2"
"585","slovenia","2000","army","air element","surface-to-surface missile launchers","missiles","SAM",NA,"SP","9"
"586","slovenia","2000","army","air element","surface-to-surface missile launchers","missiles","SAM",NA,"SP","9"
"587","us","2000","navy","aviation","aircraft",NA,"TRG",NA,"TA-4J Skyhawk","9"
"588","us","2000","navy","aviation","aircraft",NA,"TRG",NA,"TA-4J Skyhawk","9"
"589","argentina","2002","air force","air operations command","aircraft",NA,"TKR",NA,"IA-50","3"
"590","bangladesh","2001","navy",NA,"logistics and support",NA,"AOT",NA,NA,"1"
"591","bangladesh","2001","navy",NA,"logistics and support",NA,"AOT",NA,NA,"1"
"592","bangladesh","2001","navy",NA,"logistics and support",NA,"AOT",NA,NA,"1"
"593","bangladesh","2001","navy",NA,"logistics and support",NA,"AOT",NA,NA,"1"
"594","bolivia","2001","air force",NA,"aircraft",NA,"TRG/COIN",NA,"PC-7","19"
"595","bolivia","2001","air force",NA,"aircraft",NA,"TRG/COIN",NA,"PC-7","19"
"596","bolivia","2001","air force",NA,"aircraft",NA,"TRG/COIN",NA,"PC-7","19"
"597","france","2001","navy",NA,"mine warfare",NA,"MCCS",NA,"Loire","1"
"598","france","2001","navy",NA,"mine warfare",NA,"MCCS",NA,"Loire","1"
"599","india","2001","navy",NA,"logistics and support",NA,"AOT",NA,NA,"3"
"600","india","2001","navy",NA,"logistics and support",NA,"AOT",NA,NA,"3"
"601","korea, dpr of","2001","navy",NA,"patrol and coastal combatants","missile craft","FS",NA,"Sariwon","4"
"602","korea, dpr of","2001","navy",NA,"patrol and coastal combatants","missile craft","FS",NA,"Tral","2"
"603","korea, dpr of","2001","navy",NA,"patrol and coastal combatants","missile craft","FS",NA,"Sariwon","4"
"604","korea, dpr of","2001","navy",NA,"patrol and coastal combatants","missile craft","FS",NA,"Tral","2"
"605","korea, dpr of","2001","air force",NA,"helicopters",NA,"TPT","medium","Mi-8 Hip/Mi-17 Hip H","15"
"606","korea, dpr of","2001","air force",NA,"helicopters",NA,"TPT","medium","Z-5","48"
"607","korea, dpr of","2001","air force",NA,"helicopters",NA,"TPT","light","PZL Mi-2 Hoplite","139"
"608","korea, dpr of","2001","air force",NA,"surface-to-surface missile launchers","missiles","TOWED","","S-75 Dvina (SA-2 Guideline)","45"
"609","korea, dpr of","2001","air force",NA,"surface-to-surface missile launchers","missiles","TOWED","","S-125 Pechora (SA-3 Goa)","7"
"610","korea, dpr of","2001","air force",NA,"air defence",NA,"STATIC/SHELTER",NA,"S-200 (SA-5 Gammon)","2"
"611","korea, dpr of","2001","air force",NA,"helicopters",NA,"TPT","medium","Mi-8 Hip/Mi-17 Hip H","15"
"612","korea, dpr of","2001","air force",NA,"helicopters",NA,"TPT","medium","Z-5","48"
"613","korea, dpr of","2001","air force",NA,"helicopters",NA,"TPT","light","PZL Mi-2 Hoplite","139"
"614","korea, dpr of","2001","air force",NA,"surface-to-surface missile launchers","missiles","TOWED","","S-75 Dvina (SA-2 Guideline)","45"
"615","korea, dpr of","2001","air force",NA,"surface-to-surface missile launchers","missiles","TOWED","","S-125 Pechora (SA-3 Goa)","7"
"616","korea, dpr of","2001","air force",NA,"air defence",NA,"STATIC/SHELTER",NA,"S-200 (SA-5 Gammon)","2"
"617","malaysia","2001","army",NA,"armoured fighting vehicles",NA,"LT TK",NA,"Scorpion-90","26"
"618","malaysia","2001","army",NA,"armoured fighting vehicles",NA,"RECCE",NA,"SIBMAS","162"
"619","malaysia","2001","army",NA,"armoured fighting vehicles",NA,"LT TK",NA,"Scorpion-90","26"
"620","malaysia","2001","army",NA,"armoured fighting vehicles",NA,"RECCE",NA,"SIBMAS","162"
"621","slovenia","2001","army","air element","surface-to-surface missile launchers","missiles","SAM",NA,"SP","9"
"622","slovenia","2001","army","air element","surface-to-surface missile launchers","missiles","SAM",NA,"SP","9"
"623","argentina","2002","air force","air operations command","aircraft",NA,"TKR",NA,"IA-50","3"
"624","bangladesh","2002","navy",NA,"logistics and support",NA,"AOT",NA,NA,"1"
"625","bangladesh","2002","navy",NA,"logistics and support",NA,"AOT",NA,NA,"1"
"626","bangladesh","2002","navy",NA,"logistics and support",NA,"AOT",NA,NA,"1"
"627","bangladesh","2002","navy",NA,"logistics and support",NA,"AOT",NA,NA,"1"
"628","bolivia","2002","air force",NA,"aircraft",NA,"TRG/COIN",NA,"PC-7","19"
"629","bolivia","2002","air force",NA,"aircraft",NA,"TRG/COIN",NA,"PC-7","19"
"630","bolivia","2002","air force",NA,"aircraft",NA,"TRG/COIN",NA,"PC-7","19"
"631","india","2002","navy",NA,"logistics and support",NA,"AOT",NA,NA,"3"
"632","india","2002","navy",NA,"logistics and support",NA,"AOT",NA,NA,"3"
"633","korea, dpr of","2002","air force",NA,"helicopters",NA,"TPT","medium","Mi-8 Hip/Mi-17 Hip H","15"
"634","korea, dpr of","2002","air force",NA,"helicopters",NA,"TPT","medium","Z-5","48"
"635","korea, dpr of","2002","air force",NA,"helicopters",NA,"TPT","light","PZL Mi-2 Hoplite","139"
"636","korea, dpr of","2002","air force",NA,"surface-to-surface missile launchers","missiles","TOWED","","S-75 Dvina (SA-2 Guideline)","15"
"637","korea, dpr of","2002","air force",NA,"surface-to-surface missile launchers","missiles","TOWED","","S-125 Pechora (SA-3 Goa)","2"
"638","korea, dpr of","2002","air force",NA,"air defence",NA,"STATIC/SHELTER",NA,"S-200 (SA-5 Gammon)","2"
"639","korea, dpr of","2002","air force",NA,"helicopters",NA,"TPT","medium","Mi-8 Hip/Mi-17 Hip H","15"
"640","korea, dpr of","2002","air force",NA,"helicopters",NA,"TPT","medium","Z-5","48"
"641","korea, dpr of","2002","air force",NA,"helicopters",NA,"TPT","light","PZL Mi-2 Hoplite","139"
"642","korea, dpr of","2002","air force",NA,"surface-to-surface missile launchers","missiles","TOWED","","S-75 Dvina (SA-2 Guideline)","15"
"643","korea, dpr of","2002","air force",NA,"surface-to-surface missile launchers","missiles","TOWED","","S-125 Pechora (SA-3 Goa)","2"
"644","korea, dpr of","2002","air force",NA,"air defence",NA,"STATIC/SHELTER",NA,"S-200 (SA-5 Gammon)","2"
"645","slovenia","2002","army","air element","surface-to-surface missile launchers","missiles","SAM",NA,"SP","9"
"646","slovenia","2002","army","air element","surface-to-surface missile launchers","missiles","SAM",NA,"SP","9"
"647","bangladesh","2003","navy",NA,"logistics and support",NA,"AOT",NA,NA,"1"
"648","bangladesh","2003","navy",NA,"logistics and support",NA,"AOT",NA,NA,"1"
"649","bangladesh","2003","navy",NA,"logistics and support",NA,"AOT",NA,NA,"1"
"650","bangladesh","2003","navy",NA,"logistics and support",NA,"AOT",NA,NA,"1"
"651","bolivia","2004","army",NA,"armoured fighting vehicles",NA,"LT TK",NA,"SK-105A1 Kuerassier","36"
"652","bolivia","2004","army",NA,"armoured fighting vehicles",NA,"RECCE",NA,"EE-9 Cascavel","24"
"653","bolivia","2004","army",NA,"armoured fighting vehicles",NA,"APC(T)",NA,"M113","18"
"654","bolivia","2003","air force",NA,"aircraft",NA,"TRG/COIN",NA,"PC-7","19"
"655","bolivia","2003","air force",NA,"aircraft",NA,"TRG/COIN",NA,"PC-7","19"
"656","bolivia","2003","air force",NA,"aircraft",NA,"TRG/COIN",NA,"PC-7","19"
"657","france","2003","strategic nuclear forces","navy","submarines",NA,"SSBN","strategic","L'Inflexible","1"
"658","france","2003","strategic nuclear forces","navy","submarines",NA,"SSBN","strategic","L'Inflexible","1"
"659","georgia","2004","air force",NA,"aircraft",NA,"ATK",NA,"SU-25","1"
"660","georgia","2004","air force",NA,"aircraft",NA,"ATK",NA,"SU-25K","5"
"661","georgia","2004","air force",NA,"aircraft",NA,"ATK",NA,"SU-25UB","1"
"662","india","2003","navy",NA,"logistics and support",NA,"AOT",NA,NA,"3"
"663","india","2003","navy",NA,"logistics and support",NA,"AOT",NA,NA,"3"
"664","italy","2003","navy",NA,"logistics and support",NA,"AGOR",NA,NA,"3"
"665","italy","2003","navy",NA,"logistics and support",NA,"AGOR",NA,NA,"3"
"666","korea, dpr of","2003","navy",NA,"patrol and coastal combatants","missile craft","FS",NA,"Sariwon","4"
"667","korea, dpr of","2003","navy",NA,"patrol and coastal combatants","missile craft","FS",NA,"Tral","2"
"668","korea, dpr of","2003","navy",NA,"patrol and coastal combatants","missile craft","FS",NA,"Sariwon","4"
"669","korea, dpr of","2003","navy",NA,"patrol and coastal combatants","missile craft","FS",NA,"Tral","2"
"670","united kingdom","2003","navy","naval aviation (fleet air arm)","aircraft",NA,"TRG",NA,"Hawk","14"
"671","united kingdom","2003","navy","naval aviation (fleet air arm)","aircraft",NA,"TRG",NA,"Hawk","14"
"672","yemen","2003","air force",NA,"aircraft",NA,"FTR",NA,"MiG-21 Fishbed","16"
"673","yemen","2003","air force",NA,"aircraft",NA,"FTR",NA,"MiG-21 Fishbed","16"
"674","bangladesh","2004","navy",NA,"logistics and support",NA,"AOT",NA,NA,"1"
"675","bangladesh","2004","navy",NA,"logistics and support",NA,"AOT",NA,NA,"1"
"676","bangladesh","2004","navy",NA,"logistics and support",NA,"AOT",NA,NA,"1"
"677","bangladesh","2004","navy",NA,"logistics and support",NA,"AOT",NA,NA,"1"
"678","bolivia","2004","army",NA,"armoured fighting vehicles",NA,"LT TK",NA,"SK-105A1 Kuerassier","36"
"679","bolivia","2004","army",NA,"armoured fighting vehicles",NA,"RECCE",NA,"EE-9 Cascavel","24"
"680","bolivia","2004","army",NA,"armoured fighting vehicles",NA,"APC(T)",NA,"M113","18"
"681","bolivia","2004","air force",NA,"aircraft",NA,"TRG/COIN",NA,"PC-7","19"
"682","bolivia","2004","air force",NA,"aircraft",NA,"TRG/COIN",NA,"PC-7","19"
"683","bolivia","2004","air force",NA,"aircraft",NA,"TRG/COIN",NA,"PC-7","19"
"684","france","2004","strategic nuclear forces","navy","submarines",NA,"SSBN","strategic","L'Inflexible","1"
"685","france","2004","strategic nuclear forces","navy","submarines",NA,"SSBN","strategic","L'Inflexible","1"
"686","georgia","2004","air force",NA,"aircraft",NA,"ATK",NA,"SU-25","1"
"687","georgia","2004","air force",NA,"aircraft",NA,"ATK",NA,"SU-25K","5"
"688","georgia","2004","air force",NA,"aircraft",NA,"ATK",NA,"SU-25UB","1"
"689","italy","2004","navy",NA,"logistics and support",NA,"AGOR",NA,NA,"3"
"690","italy","2004","navy",NA,"logistics and support",NA,"ARS",NA,NA,"1"
"691","italy","2004","navy",NA,"logistics and support",NA,"AGOR",NA,NA,"3"
"692","italy","2004","navy",NA,"logistics and support",NA,"ARS",NA,NA,"1"
"693","korea, dpr of","2004","navy",NA,"patrol and coastal combatants","missile craft","FS",NA,"Tral","2"
"694","korea, dpr of","2004","navy",NA,"patrol and coastal combatants","missile craft","FS",NA,"Tral","2"
"695","korea, dpr of","2004","air force",NA,"surface-to-surface missile launchers","missiles","TOWED","","S-75 Dvina (SA-2 Guideline)","40"
"696","korea, dpr of","2004","air force",NA,"surface-to-surface missile launchers","missiles","TOWED","","S-125 Pechora (SA-3 Goa)","7"
"697","korea, dpr of","2004","air force",NA,"air defence",NA,"STATIC/SHELTER",NA,"S-200 (SA-5 Gammon)","2"
"698","korea, dpr of","2004","air force",NA,"surface-to-surface missile launchers","missiles","TOWED","","S-75 Dvina (SA-2 Guideline)","40"
"699","korea, dpr of","2004","air force",NA,"surface-to-surface missile launchers","missiles","TOWED","","S-125 Pechora (SA-3 Goa)","7"
"700","korea, dpr of","2004","air force",NA,"air defence",NA,"STATIC/SHELTER",NA,"S-200 (SA-5 Gammon)","2"
"701","yemen","2004","air force",NA,"aircraft",NA,"FTR",NA,"MiG-21 Fishbed","16"
"702","yemen","2004","air force",NA,"aircraft",NA,"FTR",NA,"MiG-21 Fishbed","16"
"703","bahamas","2006","royal bahamian defence force",NA,"patrol and coastal combatants",NA,"PCO",NA,"Bahamas","2"
"704","bahamas","2006","royal bahamian defence force",NA,"patrol and coastal combatants","inshore","PCI",NA,"Cape","1"
"705","bahamas","2006","royal bahamian defence force",NA,"patrol and coastal combatants","inshore","PCI",NA,"Keith Nelson","1"
"706","bahamas","2006","royal bahamian defence force",NA,"patrol and coastal combatants",NA,"PFC",NA,"Protector","3"
"707","bangladesh","2005","navy",NA,"logistics and support",NA,"AOT",NA,NA,"1"
"708","bangladesh","2005","navy",NA,"logistics and support",NA,"AOT",NA,NA,"1"
"709","bangladesh","2005","navy",NA,"logistics and support",NA,"AOT",NA,NA,"1"
"710","italy","2005","navy",NA,"logistics and support",NA,"AGOR",NA,NA,"3"
"711","italy","2005","navy",NA,"logistics and support",NA,"AGOR",NA,NA,"3"
"712","korea, dpr of","2005","air force",NA,"surface-to-surface missile launchers","missiles","TOWED","","S-75 Dvina (SA-2 Guideline)","760"
"713","korea, dpr of","2005","air force",NA,"surface-to-surface missile launchers","missiles","TOWED","","S-75 Dvina (SA-2 Guideline)","760"
"714","russia","2005","strategic deterrent forces","navy","submarines",NA,"SSBN","strategic","Delta IV","3"
"715","russia","2005","strategic deterrent forces","navy","submarines",NA,"SSBN","strategic","Delta IV","3"
"716","united kingdom","2005","air force",NA,"aircraft",NA,"TPT",NA,"Beech 200 Super King Air","7"
"717","united kingdom","2005","air force",NA,"aircraft",NA,"TPT",NA,"Beech 200 Super King Air","7"
"718","bahamas","2006","royal bahamian defence force",NA,"patrol and coastal combatants",NA,"PCO",NA,"Bahamas","2"
"719","bahamas","2006","royal bahamian defence force",NA,"patrol and coastal combatants",NA,"PFC",NA,"Protector","3"
"720","bahamas","2006","royal bahamian defence force",NA,"patrol and coastal combatants","inshore","PCI",NA,"Cape","1"
"721","bahamas","2006","royal bahamian defence force",NA,"patrol and coastal combatants","inshore","PCI",NA,"Keith Nelson","1"
"722","bangladesh","2006","navy",NA,"logistics and support",NA,"AOT",NA,NA,"1"
"723","bangladesh","2006","navy",NA,"logistics and support",NA,"AOT",NA,NA,"1"
"724","bangladesh","2006","navy",NA,"logistics and support",NA,"AOT",NA,NA,"1"
"725","china","2006","army",NA,"artillery",NA,"SP","122mm","Type-89","500"
"726","china","2006","army",NA,"artillery",NA,"SP","122mm","Type-89","500"
"727","finland","2007","navy",NA,"logistics and support",NA,"AGB",NA,"Icebreaker","7"
"728","france","2006","strategic nuclear forces","air force","aircraft",NA,"TRG",NA,"Mystere 20","2"
"729","france","2006","strategic nuclear forces","air force","aircraft",NA,"TRG",NA,"Mystere 20","2"
"730","italy","2006","navy",NA,"logistics and support",NA,"AGOR",NA,NA,"3"
"731","italy","2006","navy",NA,"logistics and support",NA,"AGOR",NA,NA,"3"
"732","taiwan","2006","navy",NA,"patrol and coastal combatants",NA,"PTG",NA,"Kwang Hua","1"
"733","taiwan","2006","navy",NA,"patrol and coastal combatants",NA,"PTG",NA,"Kwang Hua","1"
"734","united kingdom","2006","army",NA,"radars","space-based systems","EW",NA,"MAMBA","4"
"735","united kingdom","2006","army",NA,"radars","space-based systems","EW",NA,"MAMBA","4"
"736","united kingdom","2006","navy",NA,"amphibious","principal amphibious ships","LSD",NA,"Bay","4"
"737","united kingdom","2006","navy",NA,"amphibious","principal amphibious ships","LSD",NA,"Bay","4"
"738","united kingdom","2006","air force",NA,"aircraft",NA,"TPT",NA,"Beech 200 Super King Air","7"
"739","united kingdom","2006","air force",NA,"aircraft",NA,"TPT",NA,"Beech 200 Super King Air","7"
"740","bangladesh","2007","navy",NA,"logistics and support",NA,"AOT",NA,NA,"1"
"741","bangladesh","2007","navy",NA,"logistics and support",NA,"AOT",NA,NA,"1"
"742","bangladesh","2007","navy",NA,"logistics and support",NA,"AOT",NA,NA,"1"
"743","finland","2007","navy",NA,"logistics and support",NA,"AGB",NA,"Icebreaker","7"
"744","italy","2007","navy",NA,"logistics and support",NA,"AGOR",NA,NA,"3"
"745","italy","2007","navy",NA,"logistics and support",NA,"AGOR",NA,NA,"3"
"746","united kingdom","2007","navy",NA,"amphibious","principal amphibious ships","LSD",NA,"Bay","4"
"747","united kingdom","2007","navy",NA,"amphibious","principal amphibious ships","LSD",NA,"Bay","4"
"748","united kingdom","2007","air force",NA,"aircraft",NA,"TPT",NA,"Beech 200 Super King Air","7"
"749","united kingdom","2007","air force",NA,"aircraft",NA,"TPT",NA,"Beech 200 Super King Air","7"
"750","us","2007","navy","US maratime administration (MARAD)","logistics and support",NA,"AK",NA,NA,"3"
"751","us","2007","navy","US maratime administration (MARAD)","logistics and support",NA,"AK",NA,NA,"3"
"752","australia","2008","navy",NA,"logistics and support",NA,"TRG",NA,NA,"1"
"753","australia","2008","navy",NA,"logistics and support",NA,"TRG",NA,NA,"1"
"754","colombia","2008","air force",NA,"aircraft",NA,"ATK",NA,"A-37BDragonfly/OA-37BDragonfly","9"
"755","colombia","2008","air force",NA,"aircraft",NA,"ATK",NA,"A-37BDragonfly/OA-37BDragonfly","9"
"756","colombia","2008","air force",NA,"helicopters",NA,"MRH",NA,"UH-1H","6"
"757","colombia","2008","air force",NA,"helicopters",NA,"MRH",NA,"UH-1H","6"
"758","denmark","2008","reserves","home guard (army)","patrol and coastal combatants",NA,"PC",NA,"MHV900","6"
"759","denmark","2008","reserves","home guard (army)","patrol and coastal combatants",NA,"PC",NA,"MHV900","6"
"760","italy","2008","paramilitary","carabinieri","logistics and support",NA,"TRG",NA,NA,"1"
"761","italy","2008","paramilitary","carabinieri","logistics and support",NA,"TRG",NA,NA,"1"
"762","japan","2008","maritime self-defense force",NA,"principal surface combatants","frigates","FFG",NA,"Yubari","2"
"763","japan","2008","maritime self-defense force",NA,"principal surface combatants","frigates","FFG",NA,"Yubari","2"
"764","sweden","2008","navy",NA,"logistics and support",NA,"ARS",NA,"Furusund","1"
"765","sweden","2008","navy",NA,"logistics and support",NA,"AG",NA,"Carlskrona","1"
"766","sweden","2008","navy",NA,"logistics and support",NA,"ARS",NA,"Furusund","1"
"767","sweden","2008","navy",NA,"logistics and support",NA,"AG",NA,"Carlskrona","1"
"768","united kingdom","2008","strategic forces","armed forces","radars","space-based systems","EW",NA,"Ballistic Missile Early Warning System (BMEWS)","1"
"769","united kingdom","2008","army",NA,"radars","space-based systems","EW",NA,"Cobra","7"
"770","united kingdom","2008","army",NA,"radars","land-based systems","EW",NA,"MSTAR","150"
"771","united kingdom","2008","army",NA,"radars","space-based systems","EW",NA,"Cobra","7"
"772","united kingdom","2008","army",NA,"radars","land-based systems","EW",NA,"MSTAR","150"
"773","united kingdom","2008","navy",NA,"amphibious","principal amphibious ships","LSD",NA,"Bay","4"
"774","united kingdom","2008","navy",NA,"amphibious","principal amphibious ships","LSD",NA,"Bay","4"
"775","united kingdom","2008","strategic forces","armed forces","radars","space-based systems","EW",NA,"Ballistic Missile Early Warning System (BMEWS)","1"
"776","us","2008","army","army reserve","aircraft",NA,"TPT",NA,"C-37 Cessna 182 Skylane","2"
"777","us","2008","army","army reserve","aircraft",NA,"TPT",NA,"C-37 Cessna 182 Skylane","2"
"778","us","2008","navy","military sealift command","logistics and support",NA,"HSV",NA,NA,"1"
"779","us","2008","navy","military sealift command","logistics and support",NA,"HSV",NA,NA,"1"
"780","albania","2010","joint forces command (jfc)","navy","patrol and coastal combatants",NA,"PFC",NA,"Shanghai II","1"
"781","australia","2009","navy",NA,"logistics and support",NA,"TRG",NA,NA,"1"
"782","australia","2009","navy",NA,"logistics and support",NA,"TRG",NA,NA,"1"
"783","colombia","2009","air force",NA,"aircraft",NA,"ATK",NA,"A-37BDragonfly/OA-37BDragonfly","10"
"784","colombia","2009","air force",NA,"aircraft",NA,"ATK",NA,"A-37BDragonfly/OA-37BDragonfly","10"
"785","colombia","2009","air force",NA,"helicopters",NA,"MRH",NA,"UH-1H","6"
"786","colombia","2009","air force",NA,"helicopters",NA,"MRH",NA,"UH-1H","6"
"787","denmark","2009","reserves","home guard (army)","patrol and coastal combatants",NA,"PC",NA,"MHV900","6"
"788","denmark","2009","reserves","home guard (army)","patrol and coastal combatants",NA,"PC",NA,"MHV900","6"
"789","italy","2009","paramilitary","carabinieri","logistics and support",NA,"TRG",NA,NA,"1"
"790","italy","2009","paramilitary","carabinieri","logistics and support",NA,"TRG",NA,NA,"1"
"791","sweden","2009","navy",NA,"logistics and support",NA,"ARS",NA,"Furusund","1"
"792","sweden","2009","navy",NA,"logistics and support",NA,"ARS",NA,"Furusund","1"
"793","united kingdom","2009","navy",NA,"amphibious","principal amphibious ships","LSD",NA,"Bay","4"
"794","united kingdom","2009","navy",NA,"amphibious","principal amphibious ships","LSD",NA,"Bay","4"
"795","united kingdom","2009","navy","naval aviation (fleet air arm)","aircraft",NA,"TPT",NA,"Falcon 20 (civil registration)","19"
"796","united kingdom","2009","navy","naval aviation (fleet air arm)","aircraft",NA,"TPT",NA,"Falcon 20 (civil registration)","19"
"797","us","2009","army","army reserve","aircraft",NA,"TPT",NA,"C-37 Cessna 182 Skylane","2"
"798","us","2009","army","army reserve","aircraft",NA,"TPT",NA,"C-37 Cessna 182 Skylane","2"
"799","us","2009","navy","military sealift command","logistics and support",NA,"HSV",NA,NA,"1"
"800","us","2009","navy","military sealift command","logistics and support",NA,"HSV",NA,NA,"1"
"801","albania","2010","joint forces command (jfc)","navy","patrol and coastal combatants",NA,"PFC",NA,"Shanghai II","1"
"802","colombia","2010","air force",NA,"aircraft",NA,"ATK",NA,"A-37BDragonfly/OA-37BDragonfly","10"
"803","colombia","2010","air force",NA,"aircraft",NA,"ATK",NA,"A-37BDragonfly/OA-37BDragonfly","10"
"804","colombia","2010","air force",NA,"helicopters",NA,"MRH",NA,"UH-1H","6"
"805","colombia","2010","air force",NA,"helicopters",NA,"MRH",NA,"UH-1H","6"
"806","denmark","2010","reserves","home guard (army)","patrol and coastal combatants",NA,"PC",NA,"MHV900","6"
"807","denmark","2010","reserves","home guard (army)","patrol and coastal combatants",NA,"PC",NA,"MHV900","6"
"808","united kingdom","2010","navy","naval aviation (fleet air arm)","aircraft",NA,"TPT",NA,"Falcon 20 (civil registration)","19"
"809","united kingdom","2010","navy","naval aviation (fleet air arm)","aircraft",NA,"TPT",NA,"Falcon 20 (civil registration)","19"
"810","united kingdom","2010","navy","naval aviation (fleet air arm)","aircraft",NA,"TPT",NA,"Falcon 20 (civil registration)","19"
"811","united kingdom","2010","air force",NA,"aircraft",NA,"AEWandC",NA,"E-3D Sentry","6"
"812","united kingdom","2010","air force",NA,"aircraft",NA,"AEWandC",NA,"E-3D Sentry","6"
"813","colombia","2011","air force",NA,"aircraft",NA,"ATK",NA,"A-37BDragonfly/OA-37BDragonfly","10"
"814","colombia","2011","air force",NA,"aircraft",NA,"ATK",NA,"A-37BDragonfly/OA-37BDragonfly","10"
"815","denmark","2011","air force","tactical air command","helicopters",NA,"MRH",NA,"AS550 Fennec (ISR)","12"
"816","denmark","2011","air force","tactical air command","helicopters",NA,"MRH",NA,"AS550 Fennec (ISR)","12"
"817","france","2011","navy",NA,"principal surface combatants","destroyers","DDGHM",NA,"Georges Leygues","2"
"818","france","2011","navy",NA,"principal surface combatants","destroyers","DDGHM",NA,"Georges Leygues","2"
"819","france","2011","navy",NA,"logistics and support",NA,"AGM",NA,"Monge","1"
"820","france","2011","navy",NA,"logistics and support",NA,"AGM",NA,"Monge","1"
"821","india","2011","navy",NA,"principal surface combatants","destroyers","DDGM",NA,"Rajput (FSU Kashin)","2"
"822","india","2011","navy",NA,"principal surface combatants","destroyers","DDGM",NA,"Rajput (FSU Kashin)","2"
"823","korea, dpr of","2013","army",NA,"armoured fighting vehicles",NA,"MBT",NA,"T-34/T-54/T-55/T-62/Type-59/Chonma/Pokpoong","3500"
"824","korea, dpr of","2013","army",NA,"armoured fighting vehicles",NA,"LT TK",NA,"PT-76","560"
"825","korea, dpr of","2013","army",NA,"armoured fighting vehicles",NA,"APC","APC (W)","BTR-40/BTR-50/BTR-60/BTR-80A/BTR-152/BTR look-a-like","2500"
"826","korea, dpr of","2013","army",NA,"artillery",NA,"SP/TOWED",NA,NA,"8500"
"827","korea, dpr of","2013","army",NA,"artillery","MRL",NA,NA,NA,"5100"
"828","korea, dpr of","2013","army",NA,"artillery","MOR",NA,NA,NA,"7500"
"829","korea, dpr of","2013","army",NA,"anti-tank/anti-infrastructure","RCL",NA,"82mm","B-10","1700"
"830","korea, dpr of","2012","army",NA,"surface-to-surface missile launchers","missiles","SSM",NA,"FROG-3/FROG-5/FROG-7","24"
"831","korea, dpr of","2012","army",NA,"surface-to-surface missile launchers","missiles","SSM",NA,"Nodong","10"
"832","korea, dpr of","2012","army",NA,"surface-to-surface missile launchers","missiles","SSM",NA,"Scud-B/Scud-C","30"
"833","korea, dpr of","2012","navy",NA,"submarines",NA,"SSK","tactical","PRC Type-031/FSU Romeo","22"
"834","korea, dpr of","2012","navy",NA,"submarines",NA,"SSC","tactical","Sang-O","28"
"835","korea, dpr of","2012","navy",NA,"submarines",NA,"SSW","tactical",NA,"20"
"836","korea, dpr of","2012","navy",NA,"principal surface combatants","frigates","FFG",NA,"Najin","2"
"837","korea, dpr of","2012","navy",NA,"principal surface combatants","frigates","FFG",NA,"Soho","1"
"838","korea, dpr of","2012","navy",NA,"patrol and coastal combatants",NA,"PCG",NA,"Osa II","8"
"839","korea, dpr of","2012","navy",NA,"patrol and coastal combatants",NA,"PCG",NA,"Soju","10"
"840","korea, dpr of","2012","navy",NA,"patrol and coastal combatants",NA,"PCO",NA,"Sariwon","4"
"841","korea, dpr of","2012","navy",NA,"patrol and coastal combatants",NA,"PCO",NA,"Tral","1"
"842","korea, dpr of","2012","navy",NA,"patrol and coastal combatants",NA,"PCC",NA,"Hainan","6"
"843","korea, dpr of","2012","navy",NA,"patrol and coastal combatants",NA,"PCC",NA,"Taechong","12"
"844","korea, dpr of","2012","navy",NA,"patrol and coastal combatants",NA,"PBFG",NA,"Huangfen","4"
"845","korea, dpr of","2012","navy",NA,"patrol and coastal combatants",NA,"PBFG",NA,"Komar","6"
"846","korea, dpr of","2012","navy",NA,"patrol and coastal combatants",NA,"PBFG",NA,"Sohung","6"
"847","korea, dpr of","2012","navy",NA,"patrol and coastal combatants",NA,"PBF",NA,"Chong-Jin","54"
"848","korea, dpr of","2012","navy",NA,"patrol and coastal combatants",NA,"PBF",NA,"Ku Song/Sin Hung/Sin Hung (mod)","142"
"849","korea, dpr of","2012","navy",NA,"patrol and coastal combatants",NA,"PBF",NA,"Sinpo","33"
"850","korea, dpr of","2012","navy",NA,"patrol and coastal combatants",NA,"PB",NA,"Chaho","59"
"851","korea, dpr of","2012","navy",NA,"patrol and coastal combatants",NA,"PB",NA,"Chong-Ju","6"
"852","korea, dpr of","2012","navy",NA,"patrol and coastal combatants",NA,"PB",NA,"Shanghai II","13"
"853","korea, dpr of","2012","navy",NA,"patrol and coastal combatants",NA,"PB",NA,"SO-1","19"
"854","korea, dpr of","2012","navy",NA,"amphibious","landing ships","LSM",NA,"Hantae","10"
"855","korea, dpr of","2012","navy",NA,"amphibious","landing ships","LCPL",NA,"Nampo","96"
"856","korea, dpr of","2012","navy",NA,"amphibious","landing ships","LCM",NA,NA,"25"
"857","korea, dpr of","2012","navy",NA,"amphibious","landing ships","LCVP",NA,NA,"136"
"858","korea, dpr of","2012","navy",NA,"logistics and support",NA,"AGI",NA,NA,"14"
"859","korea, dpr of","2012","navy",NA,"logistics and support",NA,"AS",NA,NA,"8"
"860","korea, dpr of","2012","navy",NA,"logistics and support",NA,"ASR",NA,"Kowan","1"
"861","korea, dpr of","2012","air force",NA,"aircraft",NA,"BBR",NA,"H-5","80"
"862","korea, dpr of","2012","air force",NA,"aircraft",NA,"FTR",NA,"F-7B Airguard","40"
"863","korea, dpr of","2012","air force",NA,"aircraft",NA,"FTR",NA,"PRC J-5","107"
"864","korea, dpr of","2012","air force",NA,"aircraft",NA,"FTR",NA,"J-6","100"
"865","korea, dpr of","2012","air force",NA,"aircraft",NA,"FTR",NA,"J-7","120"
"866","korea, dpr of","2012","air force",NA,"aircraft",NA,"FTR",NA,"MiG-23ML Flogger","46"
"867","korea, dpr of","2012","air force",NA,"aircraft",NA,"FTR",NA,"MiG-23P Flogger","10"
"868","korea, dpr of","2012","air force",NA,"aircraft",NA,"ATK",NA,"Su-25 Frogfoot","34"
"869","korea, dpr of","2012","air force",NA,"aircraft",NA,"TPT","light","An-24 Coke","6"
"870","korea, dpr of","2012","air force",NA,"aircraft",NA,"TPT","light","Tu-134 Crusty","2"
"871","korea, dpr of","2012","air force",NA,"aircraft",NA,"TPT","light","Y-5","200"
"872","korea, dpr of","2012","air force",NA,"aircraft",NA,"TPT","PAX","Il-18 Coot","2"
"873","korea, dpr of","2012","air force",NA,"aircraft",NA,"TPT","PAX","Il-62M Classic","2"
"874","korea, dpr of","2012","air force",NA,"aircraft",NA,"TPT","PAX","Tu-154 Careless","4"
"875","korea, dpr of","2012","air force",NA,"aircraft",NA,"TPT","PAX","Tu-204-300","1"
"876","korea, dpr of","2012","air force",NA,"aircraft",NA,"TRG",NA,"CJ-6","180"
"877","korea, dpr of","2012","air force",NA,"aircraft",NA,"TRG",NA,"FT-2","35"
"878","korea, dpr of","2012","air force",NA,"helicopters",NA,"ATK",NA,"Mi-24 Hind","20"
"879","korea, dpr of","2012","air force",NA,"helicopters",NA,"MRH",NA,"Hughes 500D","80"
"880","korea, dpr of","2012","air force",NA,"helicopters",NA,"TPT","medium","Mi-8 Hip/Mi-17 Hip H","15"
"881","korea, dpr of","2012","air force",NA,"helicopters",NA,"TPT","medium","Z-5","48"
"882","korea, dpr of","2012","air force",NA,"helicopters",NA,"TPT","light","PZL Mi-2 Hoplite","139"
"883","korea, dpr of","2012","air force",NA,"surface-to-surface missile launchers","missiles","TOWED","","S-75 Dvina (SA-2 Guideline)","179"
"884","korea, dpr of","2012","air force",NA,"surface-to-surface missile launchers","missiles","TOWED","","S-125 Pechora (SA-3 Goa)","133"
"885","korea, dpr of","2012","air force",NA,"air defence",NA,"STATIC/SHELTER",NA,"S-200 (SA-5 Gammon)","38"
"886","korea, dpr of","2012","air force",NA,"surface-to-surface missile launchers","missiles","SAM",NA,"9K32 Stela-2 (SA-7 Grail)","3050"
"887","burkina faso","2013","air force",NA,"aircraft",NA,"TRG",NA,"EMB-314 Super Tucano","3"
"888","democratic republic of the congo","2012","air force",NA,"helicopters",NA,"TPT","heavy","Mi-26 Halo","1"
"889","france","2012","navy",NA,"principal surface combatants","destroyers","DDGHM",NA,"Georges Leygues","2"
"890","france","2012","navy",NA,"principal surface combatants","destroyers","DDGHM",NA,"Georges Leygues","2"
"891","france","2012","navy",NA,"logistics and support",NA,"AGM",NA,"Monge","1"
"892","france","2012","navy",NA,"logistics and support",NA,"AGM",NA,"Monge","1"
"893","india","2012","navy",NA,"principal surface combatants","destroyers","DDGM",NA,"Rajput (FSU Kashin)","2"
"894","india","2012","navy",NA,"principal surface combatants","destroyers","DDGM",NA,"Rajput (FSU Kashin)","2"
"895","korea, dpr of","2013","army",NA,"armoured fighting vehicles",NA,"MBT",NA,"T-34/T-54/T-55/T-62/Type-59/Chonma/Pokpoong","3500"
"896","korea, dpr of","2013","army",NA,"armoured fighting vehicles",NA,"LT TK",NA,"PT-76","560"
"897","korea, dpr of","2013","army",NA,"armoured fighting vehicles",NA,"APC","APC (W)","BTR-40/BTR-50/BTR-60/BTR-80A/BTR-152/BTR look-a-like","2500"
"898","korea, dpr of","2013","army",NA,"artillery",NA,"SP/TOWED",NA,NA,"8500"
"899","korea, dpr of","2013","army",NA,"artillery","MRL",NA,NA,NA,"5100"
"900","korea, dpr of","2013","army",NA,"artillery","MOR",NA,NA,NA,"7500"
"901","korea, dpr of","2013","army",NA,"anti-tank/anti-infrastructure","RCL",NA,"82mm","B-10","1700"
"902","korea, dpr of","2012","army",NA,"surface-to-surface missile launchers","missiles","SSM",NA,"FROG-3/FROG-5/FROG-7","24"
"903","korea, dpr of","2012","army",NA,"surface-to-surface missile launchers","missiles","SSM",NA,"Nodong","10"
"904","korea, dpr of","2012","army",NA,"surface-to-surface missile launchers","missiles","SSM",NA,"Scud-B/Scud-C","30"
"905","korea, dpr of","2012","navy",NA,"submarines",NA,"SSK","tactical","PRC Type-031/FSU Romeo","22"
"906","korea, dpr of","2012","navy",NA,"submarines",NA,"SSC","tactical","Sang-O","28"
"907","korea, dpr of","2012","navy",NA,"submarines",NA,"SSW","tactical",NA,"20"
"908","korea, dpr of","2012","navy",NA,"principal surface combatants","frigates","FFG",NA,"Najin","2"
"909","korea, dpr of","2012","navy",NA,"principal surface combatants","frigates","FFG",NA,"Soho","1"
"910","korea, dpr of","2012","navy",NA,"patrol and coastal combatants",NA,"PCG",NA,"Osa II","8"
"911","korea, dpr of","2012","navy",NA,"patrol and coastal combatants",NA,"PCG",NA,"Soju","10"
"912","korea, dpr of","2012","navy",NA,"patrol and coastal combatants",NA,"PCO",NA,"Sariwon","4"
"913","korea, dpr of","2012","navy",NA,"patrol and coastal combatants",NA,"PCO",NA,"Tral","1"
"914","korea, dpr of","2012","navy",NA,"patrol and coastal combatants",NA,"PCC",NA,"Hainan","6"
"915","korea, dpr of","2012","navy",NA,"patrol and coastal combatants",NA,"PCC",NA,"Taechong","12"
"916","korea, dpr of","2012","navy",NA,"patrol and coastal combatants",NA,"PBFG",NA,"Huangfen","4"
"917","korea, dpr of","2012","navy",NA,"patrol and coastal combatants",NA,"PBFG",NA,"Komar","6"
"918","korea, dpr of","2012","navy",NA,"patrol and coastal combatants",NA,"PBFG",NA,"Sohung","6"
"919","korea, dpr of","2012","navy",NA,"patrol and coastal combatants",NA,"PBF",NA,"Chong-Jin","54"
"920","korea, dpr of","2012","navy",NA,"patrol and coastal combatants",NA,"PBF",NA,"Ku Song/Sin Hung/Sin Hung (mod)","142"
"921","korea, dpr of","2012","navy",NA,"patrol and coastal combatants",NA,"PBF",NA,"Sinpo","33"
"922","korea, dpr of","2012","navy",NA,"patrol and coastal combatants",NA,"PB",NA,"Chaho","59"
"923","korea, dpr of","2012","navy",NA,"patrol and coastal combatants",NA,"PB",NA,"Chong-Ju","6"
"924","korea, dpr of","2012","navy",NA,"patrol and coastal combatants",NA,"PB",NA,"Shanghai II","13"
"925","korea, dpr of","2012","navy",NA,"patrol and coastal combatants",NA,"PB",NA,"SO-1","19"
"926","korea, dpr of","2012","navy",NA,"amphibious","landing ships","LSM",NA,"Hantae","10"
"927","korea, dpr of","2012","navy",NA,"amphibious","landing ships","LCPL",NA,"Nampo","96"
"928","korea, dpr of","2012","navy",NA,"amphibious","landing ships","LCM",NA,NA,"25"
"929","korea, dpr of","2012","navy",NA,"amphibious","landing ships","LCVP",NA,NA,"136"
"930","korea, dpr of","2012","navy",NA,"logistics and support",NA,"AGI",NA,NA,"14"
"931","korea, dpr of","2012","navy",NA,"logistics and support",NA,"AS",NA,NA,"8"
"932","korea, dpr of","2012","navy",NA,"logistics and support",NA,"ASR",NA,"Kowan","1"
"933","korea, dpr of","2012","air force",NA,"aircraft",NA,"BBR",NA,"H-5","80"
"934","korea, dpr of","2012","air force",NA,"aircraft",NA,"FTR",NA,"F-7B Airguard","40"
"935","korea, dpr of","2012","air force",NA,"aircraft",NA,"FTR",NA,"PRC J-5","107"
"936","korea, dpr of","2012","air force",NA,"aircraft",NA,"FTR",NA,"J-6","100"
"937","korea, dpr of","2012","air force",NA,"aircraft",NA,"FTR",NA,"J-7","120"
"938","korea, dpr of","2012","air force",NA,"aircraft",NA,"FTR",NA,"MiG-23ML Flogger","46"
"939","korea, dpr of","2012","air force",NA,"aircraft",NA,"FTR",NA,"MiG-23P Flogger","10"
"940","korea, dpr of","2012","air force",NA,"aircraft",NA,"ATK",NA,"Su-25 Frogfoot","34"
"941","korea, dpr of","2012","air force",NA,"aircraft",NA,"TPT","light","An-24 Coke","6"
"942","korea, dpr of","2012","air force",NA,"aircraft",NA,"TPT","light","Tu-134 Crusty","2"
"943","korea, dpr of","2012","air force",NA,"aircraft",NA,"TPT","light","Y-5","200"
"944","korea, dpr of","2012","air force",NA,"aircraft",NA,"TPT","PAX","Il-18 Coot","2"
"945","korea, dpr of","2012","air force",NA,"aircraft",NA,"TPT","PAX","Il-62M Classic","2"
"946","korea, dpr of","2012","air force",NA,"aircraft",NA,"TPT","PAX","Tu-154 Careless","4"
"947","korea, dpr of","2012","air force",NA,"aircraft",NA,"TPT","PAX","Tu-204-300","1"
"948","korea, dpr of","2012","air force",NA,"aircraft",NA,"TRG",NA,"CJ-6","180"
"949","korea, dpr of","2012","air force",NA,"aircraft",NA,"TRG",NA,"FT-2","35"
"950","korea, dpr of","2012","air force",NA,"helicopters",NA,"ATK",NA,"Mi-24 Hind","20"
"951","korea, dpr of","2012","air force",NA,"helicopters",NA,"MRH",NA,"Hughes 500D","80"
"952","korea, dpr of","2012","air force",NA,"helicopters",NA,"TPT","medium","Mi-8 Hip/Mi-17 Hip H","15"
"953","korea, dpr of","2012","air force",NA,"helicopters",NA,"TPT","medium","Z-5","48"
"954","korea, dpr of","2012","air force",NA,"helicopters",NA,"TPT","light","PZL Mi-2 Hoplite","139"
"955","korea, dpr of","2012","air force",NA,"surface-to-surface missile launchers","missiles","TOWED","","S-75 Dvina (SA-2 Guideline)","179"
"956","korea, dpr of","2012","air force",NA,"surface-to-surface missile launchers","missiles","TOWED","","S-125 Pechora (SA-3 Goa)","133"
"957","korea, dpr of","2012","air force",NA,"air defence",NA,"STATIC/SHELTER",NA,"S-200 (SA-5 Gammon)","38"
"958","korea, dpr of","2012","air force",NA,"surface-to-surface missile launchers","missiles","SAM",NA,"9K32 Stela-2 (SA-7 Grail)","3050"
"959","kyrgyzstan","2013","army",NA,"armoured fighting vehicles",NA,"MBT",NA,"T-72","150"
"960","kyrgyzstan","2013","army",NA,"armoured fighting vehicles",NA,"RECCE",NA,"BRDM-2","30"
"961","kyrgyzstan","2013","army",NA,"armoured fighting vehicles",NA,"AIFV",NA,"BMP-1","230"
"962","kyrgyzstan","2013","army",NA,"armoured fighting vehicles",NA,"AIFV",NA,"BMP-2","90"
"963","kyrgyzstan","2013","army",NA,"armoured fighting vehicles",NA,"APC","APC (W)","BTR-70","25"
"964","kyrgyzstan","2013","army",NA,"armoured fighting vehicles",NA,"APC","APC (W)","BTR-80","10"
"965","kyrgyzstan","2013","army",NA,"artillery",NA,"SP","122mm","2S1","18"
"966","kyrgyzstan","2013","army",NA,"artillery",NA,"TOWED","100mm","M-1944","18"
"967","kyrgyzstan","2013","army",NA,"artillery",NA,"TOWED","122mm","D-30","72"
"968","kyrgyzstan","2013","army",NA,"artillery",NA,"TOWED","122mm","M-30 (M-1938)","35"
"969","kyrgyzstan","2013","army",NA,"artillery",NA,"TOWED","152mm","D-1","16"
"970","kyrgyzstan","2013","army",NA,"artillery","GUNS/MOR",NA,"120mm","2S9 Anona","12"
"971","kyrgyzstan","2013","army",NA,"artillery","MRL",NA,"122mm","BM-21","15"
"972","kyrgyzstan","2013","army",NA,"artillery","MRL",NA,"220mm","9P140 Uragan","6"
"973","kyrgyzstan","2013","army",NA,"artillery","MOR",NA,"120mm","2S12","6"
"974","kyrgyzstan","2013","army",NA,"artillery","MOR",NA,"120mm","M-120","48"
"975","kyrgyzstan","2013","army",NA,"artillery","GUNS",NA,"100mm","MT-12/T-12","18"
"976","kyrgyzstan","2013","army",NA,"surface-to-surface missile launchers","missiles","SAM","23mm","ZSU-23-4","24"
"977","kyrgyzstan","2013","army",NA,"air defence",NA,"SAM",NA,"S-60","24"
"978","kyrgyzstan","2013","air force",NA,"aircraft",NA,"FTR",NA,"MiG-21 Fishbed","29"
"979","kyrgyzstan","2013","air force",NA,"aircraft",NA,"TPT","light","An-2 Colt","4"
"980","kyrgyzstan","2013","air force",NA,"aircraft",NA,"TPT","light","An-26 Curl","2"
"981","kyrgyzstan","2013","air force",NA,"aircraft",NA,"TRG",NA,"L-39 Albatros","4"
"982","kyrgyzstan","2013","air force",NA,"helicopters",NA,"ATK",NA,"Mi-24 Hind","2"
"983","kyrgyzstan","2013","air force",NA,"helicopters",NA,"TPT","medium","Mi-8 Hip","8"
"984","serbia","2012","air force and air defence",NA,"helicopters",NA,"ATK",NA,"Mi-24 Hind","2"
"985","serbia","2012","air force and air defence",NA,"helicopters",NA,"ATK",NA,"Mi-24 Hind","2"
"986","burkina faso","2013","air force",NA,"aircraft",NA,"TRG",NA,"EMB-314 Super Tucano","3"
"987","czech republic","2013","army","active reserve","armoured fighting vehicles",NA,"AIFV",NA,"BMP-2","181"
"988","czech republic","2013","army","active reserve","armoured fighting vehicles",NA,"AIFV",NA,"BMP-2","181"
"989","democratic republic of the congo","2012","air force",NA,"helicopters",NA,"TPT","heavy","Mi-26 Halo","1"
"990","france","2013","navy",NA,"principal surface combatants","destroyers","DDGHM",NA,"Georges Leygues","1"
"991","france","2013","navy",NA,"principal surface combatants","destroyers","DDGHM",NA,"Georges Leygues","1"
"992","india","2013","navy",NA,"principal surface combatants","destroyers","DDGM",NA,"Rajput (FSU Kashin)","2"
"993","india","2013","navy",NA,"principal surface combatants","destroyers","DDGM",NA,"Rajput (FSU Kashin)","2"
"994","korea, dpr of","2013","army",NA,"armoured fighting vehicles",NA,"MBT",NA,"T-34/T-54/T-55/T-62/Type-59/Chonma/Pokpoong","3500"
"995","korea, dpr of","2013","army",NA,"armoured fighting vehicles",NA,"LT TK",NA,"PT-76","560"
"996","korea, dpr of","2013","army",NA,"armoured fighting vehicles",NA,"APC","APC (W)","BTR-40/BTR-50/BTR-60/BTR-80A/BTR-152/BTR look-a-like","2500"
"997","korea, dpr of","2013","army",NA,"artillery",NA,"SP/TOWED",NA,NA,"8500"
"998","korea, dpr of","2013","army",NA,"artillery","MRL",NA,NA,NA,"5100"
"999","korea, dpr of","2013","army",NA,"artillery","MOR",NA,NA,NA,"7500"
"1000","korea, dpr of","2013","army",NA,"anti-tank/anti-infrastructure","RCL",NA,"82mm","B-10","1700"
"1001","kyrgyzstan","2013","army",NA,"armoured fighting vehicles",NA,"MBT",NA,"T-72","150"
"1002","kyrgyzstan","2013","army",NA,"armoured fighting vehicles",NA,"RECCE",NA,"BRDM-2","30"
"1003","kyrgyzstan","2013","army",NA,"armoured fighting vehicles",NA,"AIFV",NA,"BMP-1","230"
"1004","kyrgyzstan","2013","army",NA,"armoured fighting vehicles",NA,"AIFV",NA,"BMP-2","90"
"1005","kyrgyzstan","2013","army",NA,"armoured fighting vehicles",NA,"APC","APC (W)","BTR-70","25"
"1006","kyrgyzstan","2013","army",NA,"armoured fighting vehicles",NA,"APC","APC (W)","BTR-80","10"
"1007","kyrgyzstan","2013","army",NA,"artillery",NA,"SP","122mm","2S1","18"
"1008","kyrgyzstan","2013","army",NA,"artillery",NA,"TOWED","100mm","M-1944","18"
"1009","kyrgyzstan","2013","army",NA,"artillery",NA,"TOWED","122mm","D-30","72"
"1010","kyrgyzstan","2013","army",NA,"artillery",NA,"TOWED","122mm","M-30 (M-1938)","35"
"1011","kyrgyzstan","2013","army",NA,"artillery",NA,"TOWED","152mm","D-1","16"
"1012","kyrgyzstan","2013","army",NA,"artillery","GUNS/MOR",NA,"120mm","2S9 Anona","12"
"1013","kyrgyzstan","2013","army",NA,"artillery","MRL",NA,"122mm","BM-21","15"
"1014","kyrgyzstan","2013","army",NA,"artillery","MRL",NA,"220mm","9P140 Uragan","6"
"1015","kyrgyzstan","2013","army",NA,"artillery","MOR",NA,"120mm","2S12","6"
"1016","kyrgyzstan","2013","army",NA,"artillery","MOR",NA,"120mm","M-120","48"
"1017","kyrgyzstan","2013","army",NA,"artillery","GUNS",NA,"100mm","MT-12/T-12","18"
"1018","kyrgyzstan","2013","army",NA,"surface-to-surface missile launchers","missiles","SAM","23mm","ZSU-23-4","24"
"1019","kyrgyzstan","2013","army",NA,"air defence",NA,"SAM",NA,"S-60","24"
"1020","kyrgyzstan","2013","air force",NA,"aircraft",NA,"FTR",NA,"MiG-21 Fishbed","29"
"1021","kyrgyzstan","2013","air force",NA,"aircraft",NA,"TPT","light","An-2 Colt","4"
"1022","kyrgyzstan","2013","air force",NA,"aircraft",NA,"TPT","light","An-26 Curl","2"
"1023","kyrgyzstan","2013","air force",NA,"aircraft",NA,"TRG",NA,"L-39 Albatros","4"
"1024","kyrgyzstan","2013","air force",NA,"helicopters",NA,"ATK",NA,"Mi-24 Hind","2"
"1025","kyrgyzstan","2013","air force",NA,"helicopters",NA,"TPT","medium","Mi-8 Hip","8"
"1026","russia","2013","military air forces",NA,"aircraft",NA,"FTR",NA,"MiG-31B/31BS Foxhound","200"
"1027","russia","2013","military air forces",NA,"aircraft",NA,"FTR",NA,"MiG-31B/31BS Foxhound","200"
"1028","australia","2014","navy",NA,"logistics and support",NA,"AX",NA,NA,"1"
"1029","australia","2014","navy",NA,"logistics and support",NA,"AX",NA,NA,"1"
"1030","brazil","2014","navy",NA,"logistics and support",NA,"AP",NA,"Paraguassu","1"
"1031","brazil","2014","navy",NA,"logistics and support",NA,"AP",NA,"Paraguassu","1"
"1032","china","2014","navy",NA,"principal surface combatants","destroyers","DDGHM",NA,"Hangzhou (RUS Sovremenny)","2"
"1033","china","2014","navy",NA,"principal surface combatants","destroyers","DDGHM",NA,"Hangzhou (RUS Sovremenny)","2"
"1034","france","2014","strategic nuclear forces","navy","submarines",NA,"SSBN","strategic","Le Triomphant","2"
"1035","france","2014","strategic nuclear forces","navy","submarines",NA,"SSBN","strategic","Le Triomphant","2"
